depth;age;age_young;age_old;Achnanthdium.pyrenaicum;Achnanthes.cf.exilissima;Achnanthidium.exiguum;Achnanthes.microcephala;Psammothidium.sacculus;Achnanthes.sp.1.LLAVIUCU;Achnanthidium.minutissimum;Achnanthidium.minutissimum.var.scotica;Adlafia.minuscula;Adlafia.suchlandtii;Amphora.ovalis;Amphora.veneta;Aulacoseira.alpigena;Aulacoseira.cf.distans;Aulacoseira.granulata;Brachysira.microcephala.sensu..neoxilis;Brachysira.spp;Brachysira.vitrea;Brachysira.brebissoni;Caloneis.bacillum;Caloneis.cf.undulatiformis;Caloneis.sp.1;Caloneis.tenuis;Cavinula.cocconeiformis;Cavinula.pseudoscutiformis;Chammaepinularia.cf.soherensis.var.hassiaca;Chammaepinularia.sp;Cocconeis.neothumensis;Cocconeis.placentula.var.lineata;Cocconeis.placentula.var.placentula;Craticula.cuspidata;Cyclotella.sp.1;Cymbella.aspera;Cymbella.cf.affinis;Cymbella.cymbiformis..cystula;Cymbella.lanceolata;Cymbopleura.naviculiformis;Delicata.delicatula;Denticula.kuetzingii;Diadesmis.cf.arcuata;Diadesmis.contenta;Diatoma.mesodon;Diatoma.tenuis;Diploneis.subovalis;Discostella.stelligera;Encyonema.hebridicum;Encyonema.jemtlandicum;Encyonema.minutiforme;Encyonema.minutum;Encyonema.neogracile;Encyonema.perpusillum;Encyonema.silesiacum;Encyonema.silesiacum.var.elegans;Encyonema.vanoyei;Encyonopsis.cf.krammerioides;Encyonopsis.cf.microcephala;Encyonopsis.cf.rumrichae;Encyonopsis.difficiliformis;Encyonopsis.schneideri;Encyonopsis.sp.1.LLAVIUCU;Encyonopsis.sp.2.LLAVIUCU;Encyonopsis.subminuta;Eolimna.minima;Eolimna.subminuscula;Epithemia.adnata;Ephitemia.cf.argus;Epithemia.sorex;Eucocconeis..flexella;Eunotia.bilunaris;Eunotia.cf.andinofrequens;Eunotia.cf.arcus;Eunotia.cf.implicata;Eunotia.formica;Eunotia.incisa;Eunotia.minor;Eunotia.monodon;Eunotia.pectinalis;Eunotia.sp.1.LLAVIUCU;Eunotia.spp..girdle.view;Eunotia.tecta;Fallacia.sp.1.LLAVIUCU;Fragilaria.capucina.var.gracilis;Fragilaria.capucina;Fragilaria.cf.amphicephala;Fragilaria.cf.capucina;Fragilaria.cf.filiformis;Fragilaria.capucina.var.gracilis.1;Fragilaria.nanana;Pseudostaurosira.parasitica;Synedra.rumpens;Fragilaria.rumpens.var.fragilarioides;Fragilaria.santamerensis;Fragilaria.tenera;Fragilaria.vaucheriae;Frustulia.crassinerva;Frustulia.vulgaris;Gomphonema.acuminatum;Gomphonema.angustatum;Gomphonema.truncatum.var.capitatum;Gomphonema.cf.auritum;Gomphonema.cf.exilissima;Gomphonema.cf.geisslerae;Gomphonema.cf.krammeri;Gomphonema.cf.minusculum;Gomphonema.cf.subclavatum;Gomphonema.cf.vibrio;Gomphonema.clavatum;Gomphonema.lagenula;Gomphonema.parvulum;Gomphonema.pumilum.var.rigidum;Gomphonema.sp.1.LLAVIUCU.cf.netriviale;Gomphonema.sp.2.LLAVIUCU..cf.variostriatum;Gomphonema.sp.3.LLAVIUCU..aff.anjae.Rumrich.et.al.200.T124;Gomphonema.truncatum;Gomphonrma.sp.4.LLAVIUCU;Hannaea.arcus;Hantzschia.amphioxys;Hantzschia.cf.elegans;Kobayasiella.cf.subtilissima;Luticola.cf.aequatorialis;Luticola.mutica;Luticola.sp;Melosira.varians;Navicula.antonii;Adlafia.bryophila;Navicula.cf.luciae;Navicula.cryptocephala;Navicula.cryptotenella;Sellaphora.disjuntca;Navicula.radiosa;Navicula.radiosa.var.parva;Navicula.sp.1;Navicula.trivialis;Navicula.veneta;Navicula.viridulacalcis;Sellaphora.vitabunda;Neidium.iridis;Nitzschia.amphibia;Nitzschia.cf.archibaldii;Nitzschia.cf.palea.var.debilis;Nitzschia.cf.paleacea;Nitzschia.cf.perminuta;Nitzschia.elegantula;Nitzschia.fonticola;Nitzschia.frustulum;Nitzschia.lacuum;Nitzschia.linearis;Nitzschia.oberheimiana;Nitzschia.palea;Nitzschia.perminuta;Nitzschia.recta;Nitzschia.semirobusta;Nitzschia.sinuata.var.delognei;Nitzschia.sociabilis;Nitzschia.sp.1.TOREADORA;Nupela.praecipua;Nupela.sp.1.LLAVIUCU;Nupela.sp.2.LLAVIUCU;Orthoseria.roseana;Pinnularia.borealis;Pinnularia.divergens;Pinnularia.maior;Pinnularia.microstauron;Pinnularia.subgibba;Planothidium.frequentissimum;Planothidium.rostratum;Planothidium.salvadorianum;Planothidium.spp;Psammothidium.cf.lacus.vulcani;Achnanthes.daoensis;Pseudostaurosira.brevistriata;Pseudostaurosira.brevistriata.var.inflata;Pseudostaurosira.parasitica.1;Reimeria.sinuata;Rhopalodia.brebissoni;Rhopalodia.gibba;Rhopalodia.musculus;Sellaphora.laevissima;Sellaphora.pupula;Sellaphora.stroenii;Stauroneis.anceps;Stauroneis.gracilis;Staurosira.construens.var.venter;Staurosira.sp.1.LLAVIUCU;Staurosira.sp.1.NAPALE;Staurosira.spp;Staurosirella.leptostauron;Staurosirella.pinnata;Fragilaria.pinnata.var.lancettula;Stenopterobia.delicatissima;Stenopterobia.spp;Surirella.spp;Tabellaria.flocculosa.str.IV;Ulnaria.cf.ulna.var.amphyrhynchus;Ulnaria.cf.ulna.var.danica;Ulnaria.oxyrhynchus;Ulnaria.sp.1.LLAVIUCU;Ulnaria.ulna;Ulnaria.ulna.var.contracta
1;-58,98;-59,72;-58,18;0;0;0;0;0;0;95;0;0;0;0;0;0;0;0;24;0;0;0;0;0;0;0;0;0;0;0;0;1;0;0;10;0;2;5;0;0;0;3;0;0;0;34;0;263;0;0;0;0;0;0;24;0;0;0;0;3;0;0;8;0;3;0;0;0;2;0;3;1;0;0;0;0;0;0;0;7;1;0;0;0;0;0;0;7;0;0;0;0;0;0;0;5;0;0;0;4;1;0;0;0;0;0;0;0;0;0;0;1;0;15;3;0;3;0;4;0;0;0;0;1;0;0;0;0;0;0;2;0;24;0;0;1;0;0;0;0;0;0;0;0;0;0;1;0;0;0;0;0;0;0;0;4;0;0;0;0;0;0;0;0;0;0;0;0;0;0;0;0;1;0;0;0;1;0;0;0;0;1;0;0;0;8;0;0;0;4;18;7;0;0;0;42;41;5;0;0;0;0
2;-52,74;-53,41;-51,99;0;0;0;0;0;1;67;22;0;0;0;0;0;0;0;31;0;0;0;0;0;0;0;0;0;0;0;0;0;0;0;13;0;14;7;0;0;0;0;0;0;0;39;0;333;0;0;0;1;0;0;7;0;0;0;0;7;0;0;7;0;15;0;0;0;0;0;7;0;0;0;0;0;0;0;0;0;4;0;0;0;0;0;0;1;0;7;0;0;0;0;0;0;0;0;0;0;0;0;0;0;0;0;0;5;0;0;0;1;0;18;5;0;1;0;1;0;0;0;0;0;0;0;1;0;0;0;8;0;14;0;0;0;0;0;0;0;0;0;0;0;0;0;7;0;0;0;0;0;0;0;0;0;0;0;0;0;0;0;0;0;0;0;0;0;0;0;0;0;0;0;0;0;0;0;0;0;0;1;0;0;0;0;0;0;0;0;22;14;0;0;0;49;32;0;0;0;7;0
3;-48,44;-49,16;-47,73;0;0;0;1;4;3;109;10;0;0;0;0;0;0;0;37;0;3;0;0;0;0;0;0;0;0;0;0;0;1;0;11;0;3;5;0;0;0;0;0;0;0;35;0;269;0;0;0;0;0;1;1;0;0;0;0;2;0;0;14;0;9;0;0;0;0;0;1;0;0;0;0;0;0;0;0;0;0;0;0;0;0;0;0;11;0;3;0;0;0;0;0;0;0;0;0;1;0;0;0;0;0;0;1;0;0;0;0;1;0;1;2;0;7;0;7;0;0;0;0;1;0;0;0;0;0;0;1;0;5;0;0;0;0;0;0;0;0;0;0;0;0;0;0;0;8;0;0;1;0;1;0;1;0;0;0;0;0;0;0;0;0;0;0;0;0;0;0;0;1;0;0;0;0;0;0;0;0;0;0;0;0;2;0;0;0;1;7;10;0;0;0;38;30;2;0;0;3;0
4;-44,18;-44,99;-43,41;0;0;0;0;3;0;62;7;0;0;0;0;0;0;0;24;0;1;0;0;0;0;0;1;0;1;0;0;0;3;1;5;0;13;1;0;0;0;1;0;0;0;26;0;304;0;0;0;0;1;0;1;0;0;0;0;0;0;0;5;0;9;0;0;0;1;0;1;0;0;0;0;0;0;0;0;0;0;0;0;1;0;0;0;14;0;7;0;0;0;0;0;0;0;0;0;1;1;0;0;0;0;0;0;0;0;0;0;0;0;10;0;0;2;0;7;0;0;0;0;1;0;0;1;0;0;0;3;0;12;0;0;0;0;0;0;0;0;0;0;0;0;0;0;0;3;0;0;1;0;0;0;0;0;0;0;0;0;0;0;0;0;0;0;0;0;0;0;0;2;10;0;0;0;0;0;0;0;0;0;0;0;13;0;0;0;0;15;5;0;0;0;35;12;0;0;0;0;0
5;-40,11;-40,91;-39,31;1;3;0;2;1;0;83;6;0;0;0;0;0;0;0;37;0;0;0;0;0;0;0;0;0;0;0;0;0;1;0;8;0;4;5;0;0;0;1;0;0;1;33;0;259;0;0;0;0;0;0;3;0;0;0;0;10;0;0;14;0;1;0;0;0;0;0;1;0;0;0;0;0;0;0;0;0;0;0;0;0;0;0;0;4;0;0;0;0;0;0;0;0;0;0;0;0;0;0;0;0;0;0;6;0;0;0;0;1;0;9;5;0;1;0;1;0;0;0;0;1;0;0;0;0;0;1;1;0;9;0;0;0;0;0;0;0;1;0;0;0;0;0;0;0;6;0;0;1;0;0;0;1;0;0;0;0;0;0;0;0;0;0;0;0;0;0;0;0;0;0;0;0;1;0;0;0;0;0;0;0;0;10;0;0;0;1;4;3;0;0;0;39;33;0;0;0;1;0
6;-36,38;-37,21;-35,55;1;1;0;0;2;0;64;12;0;0;0;0;0;0;0;32;0;0;0;0;0;0;0;0;0;0;0;0;0;0;0;5;0;12;3;0;0;0;0;0;0;0;51;0;265;0;0;0;0;0;0;9;0;0;0;0;0;0;0;3;0;5;0;0;0;0;0;1;0;0;0;1;0;0;0;0;0;0;0;0;0;0;0;0;1;0;1;0;0;0;0;0;0;0;0;0;0;0;0;0;0;0;0;0;0;0;0;0;0;0;12;3;0;3;0;3;0;0;0;0;0;0;0;0;0;0;1;0;0;6;0;0;0;0;0;0;0;0;0;0;0;0;0;0;0;9;0;0;0;0;0;0;1;0;0;0;0;0;0;0;0;0;1;0;0;0;0;0;0;0;3;0;0;2;0;0;0;0;0;0;0;0;23;0;0;0;0;8;3;0;0;0;46;32;1;1;0;3;0
7;-32,89;-33,71;-32,06;3;1;0;0;0;0;108;9;0;0;0;0;0;0;0;29;0;1;0;0;0;0;0;0;0;0;0;0;0;2;0;6;0;32;4;0;0;0;0;0;0;0;219;0;53;0;0;0;0;0;0;2;0;0;0;0;0;0;0;15;0;4;0;0;0;0;0;2;0;0;0;0;0;0;0;0;0;0;0;0;0;0;0;0;1;0;0;0;0;0;0;0;0;0;0;0;0;0;0;0;0;0;0;1;0;0;0;0;1;0;0;1;0;3;0;0;0;0;0;0;0;0;0;0;0;0;0;3;0;23;0;0;7;0;0;0;0;1;0;0;0;0;0;0;0;0;0;0;0;0;0;0;0;0;0;0;0;0;0;0;0;0;3;0;0;0;0;0;0;1;3;0;0;1;0;0;0;0;0;0;0;0;18;0;0;0;1;7;5;0;0;0;88;38;0;1;0;0;0
8;-29,44;-30,39;-28,52;0;0;0;0;2;0;138;7;0;0;0;0;0;0;0;32;0;0;0;1;0;0;0;0;0;0;0;0;0;4;0;2;0;10;4;0;0;0;1;0;0;0;42;0;213;0;0;0;0;0;1;3;0;0;0;0;2;0;0;10;0;7;0;0;0;1;0;4;0;0;0;1;0;0;0;0;0;0;0;0;0;0;0;0;3;0;1;0;0;0;0;0;0;0;0;0;1;0;0;0;0;0;0;0;0;0;0;0;1;0;3;0;0;2;0;2;0;0;0;0;0;0;0;0;0;0;1;4;0;10;0;0;0;0;0;0;0;0;0;0;0;0;0;0;1;1;0;0;0;4;1;0;1;0;0;0;0;0;0;0;0;0;0;0;0;0;0;0;0;0;0;0;1;1;0;0;0;0;0;0;0;0;13;0;0;0;0;3;1;0;0;0;97;31;0;1;0;1;0
9;-26,17;-27,19;-25,23;0;0;0;0;2;0;130;0;0;0;0;0;0;0;0;21;0;0;0;0;0;0;0;0;0;0;0;0;0;3;0;1;0;5;2;0;0;0;4;0;0;0;40;0;191;0;0;0;0;0;0;4;0;0;0;0;3;0;0;5;0;1;0;0;0;0;0;0;0;0;0;0;0;0;0;1;1;0;0;0;0;0;0;0;1;0;0;0;0;0;0;0;3;0;0;0;3;0;0;0;0;0;0;1;0;0;0;0;1;0;3;0;0;1;0;4;0;0;0;0;0;0;0;1;0;0;0;0;0;3;0;0;1;0;0;0;0;0;0;0;0;0;0;1;0;0;0;0;0;1;0;0;1;0;0;0;0;0;0;0;0;0;0;0;0;0;0;0;0;0;1;0;0;0;0;0;0;0;0;0;0;0;0;0;0;0;0;1;0;0;0;0;77;16;0;0;1;7;0
10;-22,80;-23,86;-21,83;0;1;0;1;0;0;150;4;0;0;0;0;0;0;1;17;0;0;0;0;0;0;0;0;0;0;0;0;1;1;0;0;0;5;1;0;0;0;0;0;0;0;53;0;116;0;0;0;0;0;0;1;0;0;0;0;7;0;0;3;0;1;0;0;0;1;0;3;0;0;0;0;0;0;0;0;0;0;0;0;0;3;0;0;3;0;0;0;0;0;0;0;1;0;0;0;0;0;0;0;0;0;0;0;0;0;1;0;1;0;1;0;0;1;0;3;0;0;0;0;0;0;1;0;0;0;3;0;0;5;0;0;0;0;0;0;0;0;0;0;0;0;0;0;0;1;0;0;1;2;0;0;1;0;0;0;0;0;0;3;0;0;0;0;0;0;0;0;0;1;0;0;1;2;0;0;0;0;1;0;0;0;0;0;0;0;0;0;1;0;0;0;110;12;5;3;0;3;0
11;-17,91;-18,96;-16,88;1;0;0;0;0;0;164;5;0;0;0;0;0;0;0;19;0;0;0;1;0;0;0;0;0;0;0;0;1;0;0;1;0;4;3;0;0;0;0;0;0;0;49;0;109;0;0;0;0;0;0;13;0;0;0;0;10;0;0;25;0;0;0;0;0;0;0;3;0;0;0;0;0;0;0;0;0;1;0;0;0;5;0;0;0;0;0;0;0;0;0;0;1;0;0;0;1;0;0;0;0;0;0;1;0;0;0;0;0;0;4;0;0;1;0;1;0;0;0;0;1;0;2;0;0;0;1;0;0;9;0;0;1;0;0;0;0;0;0;0;0;0;0;0;0;1;0;0;1;4;0;0;1;0;0;0;0;0;4;0;0;0;2;0;0;0;0;0;0;0;0;0;0;0;0;0;0;0;0;0;0;0;1;0;0;0;0;0;3;0;0;0;128;10;11;0;3;1;0
12;-14,26;-15,32;-13,11;0;0;0;0;0;0;168;6;0;0;0;0;0;0;0;19;0;0;0;0;0;0;0;0;0;0;0;1;1;0;0;0;0;7;3;0;0;1;0;0;0;0;47;0;95;0;0;0;4;0;0;8;0;0;0;0;7;0;0;7;0;0;0;0;0;0;0;0;0;0;0;3;0;0;0;0;0;0;0;0;0;1;0;0;6;0;0;0;0;0;0;0;6;0;0;0;2;0;0;0;0;0;0;0;0;0;0;0;0;0;2;1;0;5;0;4;0;0;0;0;3;0;0;0;0;0;1;0;0;2;0;0;1;0;0;0;0;0;0;0;0;0;0;0;0;1;0;0;0;3;0;0;3;0;0;0;0;0;0;0;0;0;0;0;0;0;0;0;0;0;1;0;0;1;0;0;0;0;0;0;0;0;1;0;0;0;2;0;0;0;0;0;106;16;3;0;0;5;0
13;-10,01;-11,18;-8,83;1;0;0;0;0;0;139;0;0;0;0;0;0;0;0;28;0;0;0;0;0;0;0;0;0;0;0;1;0;0;0;0;0;8;0;0;0;3;1;0;0;1;29;0;81;0;0;0;1;0;1;1;0;0;0;0;8;0;0;14;0;0;0;0;0;0;0;0;0;0;0;0;0;0;0;0;0;0;0;0;0;0;0;0;5;0;0;0;0;0;0;0;5;0;0;0;1;0;0;0;0;0;0;0;0;0;0;0;0;0;3;0;0;3;0;1;0;0;0;0;1;0;1;0;0;0;0;0;0;0;0;0;0;0;0;0;0;1;0;0;0;0;0;0;0;1;0;0;0;1;0;0;0;0;0;0;0;0;0;0;0;0;0;0;0;0;0;0;0;0;0;0;0;0;0;0;0;0;1;0;0;0;0;0;0;0;0;0;0;0;0;0;94;19;0;4;0;3;0
14;-8,00;-15,00;-5,00;0;0;0;0;1;0;172;1;0;0;0;0;0;0;0;13;0;0;0;0;0;0;0;0;0;0;0;0;0;0;0;0;0;7;7;0;0;0;2;0;0;0;49;0;109;0;0;0;3;0;0;3;0;0;0;0;2;0;0;18;0;8;0;0;0;1;0;3;0;0;0;0;0;0;0;0;0;0;0;0;0;1;0;0;1;0;0;0;0;0;0;0;3;0;0;0;1;0;0;0;0;0;0;0;1;0;0;0;0;0;1;1;0;4;0;1;0;0;0;0;3;0;4;0;0;0;0;4;0;0;0;0;0;0;0;0;0;0;0;0;2;0;0;0;0;0;0;0;1;5;0;0;0;0;0;0;0;0;0;0;0;0;1;0;0;0;0;0;0;1;1;0;0;0;0;0;0;0;0;0;0;0;0;0;0;0;0;0;0;0;0;0;118;17;0;5;0;0;0
15;-1,99;-3,49;-0,37;0;0;0;0;0;0;129;1;0;0;0;0;0;0;0;18;0;0;0;0;0;0;0;0;0;0;0;0;0;0;1;0;0;7;2;0;0;0;0;0;0;0;22;0;88;0;0;0;3;0;0;1;0;0;0;0;0;0;0;10;0;5;0;0;0;0;0;0;0;0;0;1;0;0;0;0;0;0;0;0;0;1;0;0;7;0;0;0;0;0;0;0;1;0;0;0;0;0;0;0;0;0;0;0;0;0;0;0;0;0;1;1;0;0;0;7;0;0;0;0;0;0;2;0;0;0;1;0;0;3;0;0;0;0;0;0;0;0;1;0;0;0;0;0;1;1;0;0;1;5;0;0;0;0;0;0;0;0;0;0;0;0;1;0;0;0;0;0;0;1;0;0;0;1;0;0;0;0;0;0;0;0;0;0;0;0;0;0;0;0;0;0;158;13;0;0;0;0;0
16;6,61;4,31;8,68;0;0;0;0;0;0;125;1;0;0;0;0;0;0;0;0;0;0;0;0;0;0;0;0;0;0;0;0;0;0;0;0;0;9;0;0;0;1;0;0;1;3;24;0;88;0;0;0;1;0;0;1;0;0;0;0;2;0;0;7;0;9;0;0;0;1;0;0;0;0;0;0;0;0;0;0;0;0;0;0;0;0;0;0;9;0;0;0;0;0;0;0;4;0;0;0;2;0;0;0;0;0;0;0;0;0;1;0;0;0;2;0;0;3;0;3;0;0;0;0;1;0;2;0;0;0;0;2;0;1;0;0;0;0;0;0;0;0;0;0;0;0;1;0;0;0;0;0;0;3;0;0;0;0;0;0;0;0;0;0;0;0;1;0;0;0;0;0;0;1;0;0;0;1;0;0;0;0;0;0;0;0;0;2;0;0;1;0;0;0;0;0;112;13;3;0;0;2;0
17;9,48;1,00;13,00;0;0;0;0;0;0;131;1;0;0;0;0;0;0;0;19;0;0;0;0;0;0;0;0;0;0;0;0;0;1;0;0;0;4;1;0;0;0;3;0;0;0;37;0;104;0;0;0;0;0;0;0;0;0;0;7;5;0;0;4;0;0;0;0;0;0;0;0;0;0;0;0;0;0;0;0;0;0;0;0;0;0;0;0;6;0;0;0;0;0;0;0;0;1;0;0;2;0;0;0;0;0;0;0;0;0;0;0;0;0;3;3;0;7;0;4;0;0;0;0;2;0;4;0;0;0;0;1;0;1;0;0;0;0;0;0;0;0;0;0;0;0;1;0;1;0;0;0;0;3;1;0;0;0;0;0;0;0;0;0;0;0;0;0;0;0;0;0;0;1;1;0;0;0;0;0;0;0;0;0;0;0;0;0;0;0;1;0;0;0;0;0;139;19;0;1;0;0;0
18;13,21;10,26;15,62;0;0;0;0;1;0;141;0;0;0;0;0;0;0;0;25;0;0;3;0;0;0;0;0;1;0;0;0;0;0;0;0;0;5;5;0;0;0;4;0;0;0;31;0;99;0;0;0;0;0;0;12;0;0;0;0;2;0;0;17;0;1;0;0;0;0;0;2;0;0;0;0;0;0;0;0;0;0;0;0;0;0;0;0;8;0;1;0;0;0;0;0;0;0;1;0;0;0;0;0;0;0;0;0;0;0;0;0;2;0;7;2;0;1;0;3;0;0;0;0;0;0;13;0;0;0;0;0;0;5;0;0;0;0;0;0;0;0;0;0;0;0;0;0;0;0;0;0;1;0;0;0;0;0;0;0;0;0;0;0;0;0;0;0;0;0;0;0;0;0;0;0;0;0;0;0;0;0;0;0;0;0;0;0;0;0;1;4;0;0;0;0;129;17;0;0;0;5;0
19;20,08;16,69;22,84;0;0;0;0;0;0;187;5;0;0;0;0;0;0;0;3;0;0;0;0;0;0;0;0;0;0;0;0;0;0;0;0;0;2;5;1;0;0;7;0;0;1;35;0;46;0;0;4;0;0;0;8;0;0;0;0;7;0;0;27;0;15;0;0;0;0;0;4;0;1;0;1;0;0;0;0;0;0;0;0;0;0;0;0;3;0;0;0;0;0;0;0;13;0;0;0;3;0;0;0;0;0;0;0;0;0;0;0;3;0;8;1;1;3;0;1;0;0;0;0;3;0;4;0;0;0;0;0;0;1;0;0;0;0;1;0;0;3;0;0;0;0;0;1;0;0;0;0;0;0;0;0;3;0;0;0;0;0;0;0;0;0;0;0;0;0;0;0;0;0;0;0;0;1;0;0;0;0;3;0;1;0;0;0;0;0;0;0;1;0;0;0;142;32;0;0;0;3;0
20;29,88;26,09;33,07;0;0;0;0;1;0;151;4;0;0;0;0;0;0;0;68;0;0;0;0;0;0;0;0;0;0;0;0;1;3;0;0;0;21;3;0;0;0;2;0;0;0;65;0;5;0;0;1;0;0;1;2;0;0;0;0;11;0;0;0;0;7;0;0;0;0;0;10;0;0;0;0;0;0;0;0;0;0;0;0;0;3;0;0;1;0;0;0;0;0;0;0;1;0;0;0;0;0;0;0;0;0;0;1;0;0;2;0;0;0;7;1;0;2;0;5;0;0;0;0;1;0;0;0;0;0;0;0;0;5;0;0;0;0;0;0;0;1;0;0;0;0;0;0;0;0;0;0;0;0;0;0;0;0;0;0;0;0;0;0;0;0;1;1;0;0;0;0;0;0;1;0;0;1;0;0;0;0;0;0;0;0;0;0;0;0;3;1;0;0;0;0;148;35;0;0;0;4;0
21;40,15;36,72;43,47;0;0;0;0;0;0;132;0;0;0;0;0;0;0;0;34;0;0;0;0;0;0;0;0;0;0;0;0;0;0;0;0;0;17;6;0;0;0;0;0;3;0;48;0;2;0;1;0;0;0;0;1;0;0;7;0;1;0;0;40;0;6;0;0;0;0;0;1;0;1;0;1;0;0;0;0;0;0;0;0;0;0;0;0;1;0;5;0;0;0;0;0;1;2;0;0;0;0;0;0;0;0;0;3;1;0;2;0;0;0;9;2;1;1;0;3;0;0;0;0;0;0;0;0;0;0;0;0;0;3;0;0;0;0;0;0;0;4;0;0;0;0;0;0;0;0;0;0;1;0;2;0;3;0;0;0;0;0;0;0;0;0;0;0;0;0;0;0;1;0;2;0;0;0;0;0;0;0;0;0;0;0;0;0;0;0;0;0;0;0;0;0;139;31;0;3;0;9;0
22;45,55;42,45;48,73;0;7;0;0;0;0;124;0;0;0;0;0;0;0;0;34;0;0;0;0;0;0;0;0;0;0;0;0;0;1;0;0;0;9;7;0;0;0;0;0;1;0;70;0;5;0;0;0;0;0;0;3;0;0;1;0;4;0;3;17;0;2;0;0;0;0;0;5;0;1;0;0;0;0;0;0;0;0;0;0;0;0;0;0;5;0;0;0;0;0;0;0;0;0;0;0;1;0;3;0;0;0;0;0;0;0;0;0;0;0;6;0;6;0;0;8;0;0;2;0;1;0;0;0;0;0;0;0;0;5;0;0;0;0;0;0;0;0;0;0;0;0;0;0;0;0;0;1;0;0;0;1;0;0;0;0;0;0;0;0;0;0;0;0;0;0;0;0;0;0;0;0;0;0;0;0;0;0;0;0;0;0;0;0;0;0;1;1;0;0;0;0;245;35;0;7;0;0;3
23;49,94;47,06;52,94;0;17;0;0;0;0;126;0;0;0;0;0;0;0;0;45;0;0;0;0;0;0;0;0;0;0;0;0;0;1;0;0;0;17;11;0;0;0;0;0;0;0;55;0;5;0;0;0;0;0;0;7;0;0;7;0;12;0;1;30;0;2;0;0;0;0;0;5;0;0;0;0;0;0;0;0;0;0;0;0;0;0;0;0;4;0;0;0;0;0;0;1;0;1;0;0;0;0;0;2;0;0;0;2;0;0;0;0;0;1;6;1;4;0;0;4;0;0;1;0;0;0;0;0;0;0;0;0;0;4;2;0;0;0;0;0;0;0;0;0;0;1;0;0;0;0;0;3;0;0;0;0;1;0;0;0;0;0;0;0;0;0;0;0;0;0;0;0;0;0;0;0;0;1;0;0;0;0;0;0;0;0;0;0;0;0;0;1;0;0;0;0;214;27;0;3;0;0;1
24;58,30;55,43;60,93;0;18;0;0;0;0;110;0;0;0;0;0;1;0;0;41;0;0;0;0;0;1;0;0;0;0;0;0;1;0;0;0;0;7;12;0;0;0;0;0;0;1;50;1;50;0;0;0;0;0;0;1;0;0;5;0;8;0;0;44;0;3;0;0;1;0;0;3;0;0;0;0;0;0;0;0;0;0;0;0;0;0;0;0;1;0;0;0;0;0;0;0;1;1;1;0;0;0;1;0;0;0;0;1;0;0;0;0;0;0;5;3;1;0;0;7;0;0;0;0;1;0;0;0;0;0;1;0;0;12;1;0;1;0;2;0;0;1;0;0;0;0;0;0;0;0;0;1;0;0;0;1;2;0;0;0;0;0;0;0;0;0;0;1;0;0;0;0;1;0;0;0;0;0;0;0;0;0;0;0;0;0;0;0;0;0;2;0;0;0;0;0;201;53;0;1;0;0;3
25;66,92;62,93;69,56;0;11;0;0;0;0;128;0;0;0;0;0;0;0;0;40;0;0;0;0;0;0;0;0;0;0;0;1;0;1;0;1;0;0;9;0;0;0;1;0;0;1;12;0;6;0;0;0;0;0;0;0;0;0;0;0;8;0;1;37;0;0;0;0;0;4;0;3;0;0;0;0;0;0;0;0;0;0;0;0;0;0;0;0;3;0;0;0;0;0;0;0;7;3;0;0;0;0;0;0;0;0;0;1;4;0;0;0;0;0;1;3;0;0;0;7;1;0;0;0;0;0;0;0;0;0;0;0;0;13;1;0;0;0;0;0;0;0;0;0;0;0;0;0;0;0;0;1;0;0;0;0;0;0;0;0;0;0;0;0;0;0;0;0;0;0;0;0;1;0;0;0;0;0;0;0;0;0;1;0;0;0;0;0;0;0;0;0;0;0;0;0;148;0;0;0;0;0;1
26;74,59;68,88;78,59;0;12;0;0;0;0;152;0;0;0;0;0;0;0;0;35;0;0;0;0;0;0;0;0;0;3;0;5;0;3;0;0;0;8;23;0;0;0;3;0;0;0;13;0;8;0;0;0;0;0;0;4;0;0;9;0;0;0;0;61;0;6;0;0;0;5;0;9;0;1;0;0;0;0;0;0;0;0;0;0;0;0;0;0;2;0;0;0;0;0;0;0;2;0;0;4;1;0;0;0;0;0;0;4;6;0;0;0;0;1;5;5;0;2;0;9;1;0;0;0;0;0;0;0;0;0;0;0;0;3;0;0;0;0;0;0;0;7;0;1;0;0;0;0;0;0;0;0;0;0;0;0;0;0;0;0;0;0;0;0;0;0;1;0;0;0;0;0;0;0;0;0;0;0;0;0;0;0;6;0;2;0;0;0;1;0;0;2;0;0;0;0;97;100;0;2;0;0;6
27;81,43;73,54;88,29;0;5;0;0;0;0;132;0;0;0;0;0;1;0;0;36;0;0;0;1;0;0;0;0;0;0;0;0;0;3;0;0;0;8;10;0;1;0;1;0;0;0;29;0;64;0;0;0;0;0;0;1;1;0;7;0;5;0;0;31;0;8;0;0;0;0;0;2;0;0;0;0;0;0;0;0;0;0;0;0;0;0;0;0;1;0;0;0;0;0;0;0;9;0;0;0;0;0;0;0;0;0;0;1;0;0;0;0;1;1;7;4;0;3;0;8;0;0;0;0;0;0;0;0;0;0;0;0;0;4;2;0;0;0;0;0;0;0;0;1;0;0;0;0;0;0;0;2;0;0;0;0;0;0;0;0;0;0;0;0;0;0;3;0;0;0;0;0;0;0;0;0;0;0;0;0;0;0;1;3;0;0;3;0;0;0;0;3;0;0;0;0;144;66;0;3;0;0;0
28;86,50;76,00;96,02;0;0;0;0;0;0;108;0;0;0;0;0;0;0;0;52;0;0;0;0;0;0;0;0;0;1;0;1;1;7;0;0;0;14;7;0;0;0;0;0;0;0;35;0;1;0;0;0;0;0;0;1;0;0;0;1;10;0;0;52;0;4;1;0;0;4;0;8;0;0;0;0;0;0;0;0;4;0;0;0;0;0;0;3;5;0;0;0;0;0;0;0;2;1;0;0;0;0;0;0;0;0;0;0;0;0;0;0;1;1;1;3;0;3;0;6;0;0;0;0;1;0;0;0;0;0;0;0;0;2;1;0;0;2;0;0;0;0;0;0;0;0;0;0;0;0;0;0;0;0;0;0;0;0;0;0;0;0;0;0;0;0;0;0;1;0;0;0;0;0;0;0;0;0;0;0;0;0;0;0;0;0;1;0;0;0;0;0;0;0;0;0;179;70;0;2;0;0;1
29;90,80;78,10;103,74;0;1;0;0;0;0;109;0;0;0;0;0;0;0;0;46;0;0;0;0;0;0;0;0;1;1;0;0;0;4;0;0;0;9;15;0;0;0;0;0;1;0;22;1;6;0;0;0;0;1;0;0;1;0;3;0;10;0;0;43;0;4;0;0;0;0;0;3;0;0;0;0;0;0;0;0;0;0;0;0;0;0;0;0;9;0;0;0;0;0;0;0;0;0;0;0;0;0;0;0;0;0;0;2;1;0;0;0;0;0;1;2;0;0;0;0;0;0;0;0;0;0;0;0;0;0;0;0;1;3;0;0;0;0;0;0;0;0;0;1;0;0;0;3;0;0;0;0;0;0;0;1;0;0;0;0;0;0;0;1;0;0;0;0;0;0;0;0;0;0;0;0;0;1;0;0;0;0;3;0;0;0;0;0;2;0;0;0;0;0;0;0;117;53;0;0;0;0;0
30;95,94;79,85;113,26;0;0;0;0;0;0;203;0;0;0;0;0;0;0;0;78;0;0;0;0;0;0;0;0;1;0;0;1;0;3;0;0;0;0;17;0;0;0;5;0;0;0;15;0;5;0;0;0;0;0;0;0;0;0;0;0;0;0;0;58;0;20;0;0;0;4;0;1;0;0;0;0;0;0;0;0;1;0;0;0;0;0;0;0;24;0;0;0;0;6;0;0;4;0;0;0;0;0;0;0;0;0;0;9;0;0;0;0;0;0;12;5;0;1;0;11;0;0;0;0;5;0;0;0;0;0;0;0;3;3;3;0;0;5;0;0;0;0;0;0;0;0;0;0;0;0;0;1;0;0;0;0;0;0;0;0;0;0;0;0;0;0;0;1;0;0;0;0;1;0;0;0;0;0;0;1;0;0;13;0;0;0;0;14;0;0;3;0;0;0;0;0;66;57;0;4;0;0;1
31;101,46;81,00;123,84;0;0;0;0;0;0;282;0;1;0;0;0;0;0;0;70;0;0;0;1;0;0;0;0;2;0;0;0;0;5;1;0;0;16;28;0;0;0;9;0;0;5;0;0;1;0;0;0;0;0;0;0;0;0;1;5;5;0;3;43;0;16;0;0;0;0;0;12;0;0;9;0;0;0;0;0;0;0;0;0;0;0;0;0;51;0;0;0;0;0;0;0;7;1;0;0;0;0;0;0;1;0;0;3;4;0;0;1;0;0;11;3;0;12;0;30;0;0;0;0;0;0;0;0;0;0;2;0;7;5;0;0;0;1;0;0;0;0;0;0;0;0;0;0;0;0;0;0;0;0;0;0;0;0;0;0;0;0;0;0;0;0;0;0;3;0;0;0;0;0;0;0;0;0;0;0;0;0;0;0;0;0;0;0;0;0;3;0;1;0;0;0;18;59;0;0;0;0;3
33;112,46;82,09;145,54;0;0;0;0;3;0;220;0;0;0;0;0;10;0;0;68;0;0;0;0;0;0;0;0;0;1;0;0;0;5;3;0;0;1;45;1;0;0;12;0;0;0;5;4;16;0;0;0;0;0;0;0;1;0;0;3;0;0;0;48;0;22;0;0;0;11;0;8;0;0;4;0;0;0;0;0;0;0;0;0;0;0;0;0;45;0;0;0;0;0;0;0;0;0;1;0;0;0;0;0;4;3;0;1;3;0;0;0;0;0;12;5;0;0;0;25;0;1;0;0;1;0;0;0;0;0;0;0;0;1;0;0;0;1;0;0;0;1;0;0;0;0;0;1;6;0;0;0;0;0;0;0;0;1;0;0;0;0;0;0;0;0;0;0;0;0;0;0;0;0;0;0;0;0;0;0;0;0;12;0;0;0;0;0;0;0;1;0;0;0;0;0;10;26;0;0;0;0;0
37;121,60;85,00;162,12;0;0;0;0;0;0;244;0;0;0;1;0;1;0;0;34;0;0;0;0;0;0;3;0;0;0;0;1;0;8;0;0;0;0;35;0;0;0;5;0;0;1;4;1;33;0;0;0;0;0;0;0;2;0;6;1;0;0;1;23;0;33;0;0;0;3;0;0;0;0;0;0;0;0;0;0;0;0;0;0;0;0;0;0;45;0;0;0;0;0;0;0;3;0;0;0;0;0;0;1;4;7;0;0;0;0;0;0;0;1;8;2;0;0;0;19;0;1;0;0;0;0;0;0;0;0;0;0;5;0;0;0;0;0;0;0;0;0;0;0;0;0;0;0;0;0;0;0;0;0;0;0;0;0;0;0;0;0;0;1;0;0;0;0;6;0;0;0;0;0;0;0;0;0;0;0;0;0;15;0;0;0;0;0;0;0;7;0;0;0;0;0;39;27;0;0;0;0;0
38;124,25;85,63;166,52;0;0;0;0;0;0;209;0;0;0;2;0;0;0;0;41;0;0;1;0;0;0;0;0;0;0;0;1;0;2;0;0;0;0;42;0;0;0;17;0;0;1;0;0;10;0;0;0;0;0;0;0;0;0;0;0;3;0;0;51;0;16;0;0;0;3;0;3;0;0;0;0;0;0;0;0;0;0;2;0;0;0;0;0;33;0;0;0;0;0;0;0;4;0;0;0;0;0;0;0;2;17;0;0;1;0;0;0;1;0;14;1;0;0;0;10;0;3;0;0;0;0;0;0;0;0;0;0;7;1;0;0;0;0;0;0;0;0;0;0;0;0;0;0;0;0;0;0;0;0;0;1;0;0;0;0;1;0;0;0;0;0;0;0;3;0;0;0;4;0;0;0;0;1;0;0;0;0;15;0;1;0;0;0;0;0;9;0;7;0;0;0;22;43;0;0;0;0;0
40;130,68;88,41;176,98;0;0;0;0;0;0;174;0;0;0;0;0;0;0;0;41;0;0;1;0;0;0;0;0;1;1;0;0;0;1;0;0;0;0;33;0;0;0;4;0;2;0;0;0;1;0;0;0;1;0;0;0;0;0;0;0;12;0;1;30;0;0;1;0;0;0;0;17;0;0;1;0;0;0;0;0;0;0;0;0;0;0;0;0;35;2;0;7;0;0;0;0;0;0;0;1;0;0;0;0;1;0;0;9;3;1;0;0;2;4;13;0;13;0;0;15;0;0;0;0;0;0;0;0;0;0;0;0;0;4;1;0;0;0;0;0;0;0;0;0;0;0;0;0;0;0;0;1;0;0;0;0;0;0;0;0;0;0;0;0;0;0;1;0;3;0;0;0;0;0;0;0;0;0;0;1;0;0;24;0;0;0;0;1;0;0;0;0;0;0;0;0;1;10;0;0;0;0;0
41;139,18;92,86;189,79;0;0;0;0;0;0;244;0;0;0;0;0;1;0;0;41;0;0;2;0;0;0;1;0;0;1;0;0;0;6;1;0;0;0;37;0;0;0;7;3;0;1;7;1;0;0;0;0;0;0;0;0;0;0;1;0;0;0;0;40;0;12;0;0;0;2;0;3;0;0;0;0;0;0;0;0;0;0;0;0;0;0;0;0;31;0;0;0;0;3;0;0;4;0;0;1;0;0;0;0;3;10;0;1;0;0;0;1;1;0;10;9;0;0;0;24;0;0;0;0;3;0;0;0;0;0;0;1;0;3;0;0;0;0;0;0;0;0;0;0;0;0;0;0;0;0;0;0;0;0;0;2;0;0;0;0;1;0;0;2;0;0;0;0;3;0;0;0;1;0;0;1;0;0;0;0;0;0;15;0;0;0;0;0;0;0;3;0;0;0;0;0;19;16;0;0;0;0;0
43;159,95;105,66;216,87;0;0;0;0;0;0;194;1;0;0;0;0;5;0;0;56;0;0;0;3;0;0;0;0;1;0;0;4;0;12;0;0;0;0;43;0;0;0;23;0;0;1;0;0;0;0;0;0;0;0;0;0;0;0;0;0;0;0;0;44;0;30;0;0;0;8;0;3;0;1;0;0;0;0;0;0;0;0;0;0;0;0;0;0;45;0;0;0;0;0;0;0;1;0;0;1;0;0;0;0;0;26;0;0;2;0;0;0;0;2;8;0;0;0;0;33;0;0;0;0;0;0;0;0;0;0;0;0;3;2;0;0;0;0;0;0;0;0;0;0;0;0;0;0;0;0;0;2;0;0;0;0;0;0;0;0;0;0;0;0;0;0;1;4;1;0;0;0;2;0;0;0;0;0;0;0;0;0;34;0;0;0;0;0;0;0;3;0;0;0;0;0;0;8;0;0;0;0;0
45;180,00;121,00;240,00;0;0;0;0;0;0;165;0;0;3;0;0;2;0;0;63;0;0;0;0;0;0;0;0;0;1;0;8;0;8;1;0;0;0;43;1;0;0;7;0;0;0;0;0;4;0;0;0;0;0;0;0;0;0;0;0;15;0;0;44;0;9;0;0;0;3;0;4;1;0;0;0;0;0;0;0;1;0;3;0;0;0;0;0;34;1;0;4;0;0;0;0;1;0;0;0;0;0;0;0;0;0;0;9;0;7;0;0;0;0;14;10;1;0;0;16;0;0;0;0;3;0;0;0;0;0;0;1;0;0;0;0;0;0;0;0;1;0;0;0;0;0;0;0;0;0;2;1;0;0;0;0;0;0;0;0;0;0;0;0;0;0;0;0;5;0;0;0;1;0;0;0;0;1;0;1;0;0;32;0;0;0;0;3;0;0;2;1;0;0;0;0;21;0;0;0;0;3;0
47;191,64;131,28;251,82;0;0;0;0;0;0;188;0;0;0;0;0;4;0;0;41;0;0;0;0;3;0;0;0;0;0;0;1;0;5;0;0;0;0;18;1;1;0;20;0;3;5;8;4;4;1;0;0;0;0;0;0;0;0;0;0;0;0;0;60;0;10;0;0;0;0;0;8;0;8;1;0;1;0;0;0;0;0;0;0;0;0;0;0;75;0;0;0;0;0;0;0;0;0;0;0;0;0;0;0;5;17;0;0;0;0;0;0;0;1;8;15;0;0;0;19;0;5;1;0;0;0;0;0;1;0;1;0;0;3;0;0;0;0;2;0;0;7;0;0;0;0;0;0;0;0;0;0;0;0;0;0;0;0;0;0;0;0;1;0;0;0;0;1;0;0;0;0;0;0;0;0;0;0;0;0;0;0;5;0;0;1;0;0;0;0;5;3;0;0;0;0;5;30;0;0;0;0;0
49;228,23;165,92;287,63;0;0;0;0;0;0;157;0;0;0;2;0;5;0;0;34;0;0;1;0;0;0;0;0;0;3;0;0;0;10;0;0;0;0;67;1;2;0;40;0;1;0;4;5;27;0;0;0;0;0;0;0;1;0;0;0;3;0;6;66;0;30;0;0;0;7;0;9;3;1;3;0;0;1;0;0;0;0;0;0;0;0;0;0;26;0;0;0;0;1;0;0;3;0;0;0;0;0;0;1;1;0;0;11;0;0;0;0;0;0;17;17;0;0;0;7;0;0;0;0;0;0;1;0;0;0;0;0;0;5;1;0;0;0;0;0;0;2;0;0;0;0;0;0;0;0;0;1;0;0;0;0;0;0;0;0;0;0;1;0;0;0;0;0;0;0;0;0;0;0;0;0;0;0;0;0;0;0;0;0;0;0;0;0;0;0;2;0;1;0;0;0;28;24;0;0;0;0;0
50;244,91;181,84;302,11;0;0;0;0;0;0;145;0;0;0;0;0;1;0;0;47;0;0;0;0;2;0;0;0;1;0;0;1;0;4;1;0;0;0;64;2;0;0;10;0;0;1;0;0;1;0;0;0;0;0;1;0;2;0;5;0;17;0;0;28;0;1;0;0;0;4;0;9;0;0;3;0;0;0;0;0;0;0;0;0;0;0;0;0;70;0;0;0;0;0;0;3;0;0;0;0;0;0;0;0;4;0;0;5;0;0;0;0;0;0;15;8;0;0;1;18;0;0;0;0;3;0;0;0;0;0;0;0;0;5;0;0;0;0;0;0;1;1;0;0;0;0;0;0;0;0;0;0;0;0;0;0;0;0;0;0;0;0;0;0;0;0;0;2;0;0;0;0;0;0;0;0;0;0;0;0;0;0;20;0;0;1;0;0;0;0;7;5;0;0;0;0;1;14;0;0;0;1;0
52;274,48;210,28;327,75;0;0;0;0;0;0;219;0;0;0;0;0;3;0;0;32;0;0;1;0;0;0;0;0;0;0;0;1;0;7;0;0;0;0;30;0;0;0;9;0;0;0;0;1;3;0;0;0;0;0;0;0;0;0;3;0;0;0;0;37;1;25;0;0;0;1;0;0;0;0;2;0;0;0;0;0;0;0;0;1;0;0;0;0;53;0;0;0;0;0;0;0;1;1;0;0;0;0;0;0;0;8;0;1;1;0;0;0;0;0;7;15;0;0;0;17;0;1;0;0;0;0;0;0;0;0;0;3;0;1;0;0;0;0;0;0;0;0;0;0;0;0;0;0;0;0;0;0;0;0;0;0;0;0;0;0;3;0;0;0;0;0;1;0;0;0;0;0;0;0;0;0;0;3;0;0;0;0;0;0;0;0;0;0;0;0;5;0;0;0;0;0;1;16;0;0;0;0;0
53;301,94;238,08;354,11;0;0;0;0;0;0;139;0;0;0;0;0;4;0;0;33;0;0;0;0;0;1;0;0;1;0;0;1;0;4;0;0;0;0;36;1;0;0;19;0;0;1;0;3;1;0;0;0;0;0;0;0;0;0;1;0;1;0;1;50;0;17;0;0;0;3;0;0;0;0;0;0;0;0;0;0;0;0;0;0;0;0;0;0;63;0;0;0;0;0;0;1;0;0;0;0;0;0;0;0;7;22;0;1;1;0;0;3;1;1;14;27;0;0;0;23;0;0;0;0;1;0;0;0;0;0;0;0;0;1;3;0;0;0;0;0;0;0;0;0;0;0;0;0;0;0;0;0;0;0;0;0;0;0;0;0;0;0;1;0;0;0;0;0;0;0;0;0;0;0;1;0;0;0;0;0;0;0;1;0;0;0;0;1;0;0;3;0;1;0;0;0;3;23;0;1;0;5;0
55;366,34;304,17;423,39;0;0;0;0;0;0;238;0;0;0;0;0;0;0;0;59;0;0;0;0;0;0;0;0;0;3;0;1;0;3;0;0;0;0;21;0;0;0;10;0;10;0;0;0;0;0;0;0;0;0;0;0;0;0;4;0;6;0;0;52;0;12;0;0;0;0;0;6;0;2;15;0;0;1;0;0;0;0;0;0;0;0;13;0;0;0;85;0;0;0;4;0;0;2;0;0;0;0;0;0;6;0;0;22;2;0;0;0;1;3;14;18;2;0;0;1;0;0;0;0;2;0;0;0;0;0;0;0;0;12;2;0;0;0;0;0;0;3;0;0;0;0;0;0;0;0;0;1;0;0;0;0;0;0;0;0;0;0;0;0;0;0;0;0;0;0;0;0;0;0;0;0;0;1;0;0;0;0;1;0;0;0;0;0;0;0;0;10;0;0;0;0;0;17;0;0;0;0;0
57;434,16;370,43;498,63;0;0;0;0;1;0;202;0;0;0;0;1;7;0;0;72;0;0;0;0;0;0;0;0;1;1;0;3;0;1;0;0;0;0;37;1;0;0;10;0;1;1;7;1;11;0;0;0;0;0;0;0;4;0;0;0;0;0;0;78;0;31;0;0;0;4;0;2;0;1;0;0;4;0;0;0;0;0;0;0;0;0;0;0;58;0;0;0;0;0;0;0;0;0;1;0;0;0;0;1;6;16;0;0;0;0;0;1;0;0;20;23;0;0;1;30;0;1;0;0;1;0;0;0;0;0;0;0;0;4;0;0;0;0;0;0;0;0;0;0;0;0;0;1;0;0;0;1;0;0;0;0;0;0;0;0;0;0;1;0;0;0;0;0;0;0;0;0;0;0;1;0;0;0;0;0;0;0;0;0;0;1;0;0;0;0;0;10;0;0;0;0;24;11;0;0;0;0;0
59;477,59;404,95;546,35;0;1;0;0;0;0;188;0;0;0;0;0;16;0;0;30;0;0;0;0;0;0;0;0;0;0;0;5;0;7;0;0;2;2;40;0;0;0;16;0;1;0;7;0;41;0;0;1;0;0;0;0;1;0;8;0;0;0;0;38;1;21;0;0;0;0;0;1;0;0;0;0;0;0;0;0;0;0;0;0;0;0;0;0;52;0;0;0;0;0;0;0;1;1;2;0;0;0;0;1;1;3;4;5;0;0;0;0;0;2;19;19;0;0;0;27;0;0;0;0;2;0;1;0;0;0;0;0;0;5;0;0;0;0;0;0;0;1;0;0;0;1;0;0;0;0;0;0;0;0;0;0;0;0;0;0;1;0;0;0;0;0;0;0;0;1;0;0;0;0;1;0;0;0;0;0;0;0;3;0;0;0;0;0;0;0;1;3;6;1;0;0;39;19;0;1;0;0;0
60;509,26;428,31;581,91;0;0;0;0;1;0;200;0;0;0;0;0;14;0;0;39;0;0;0;0;0;0;0;0;0;0;0;0;0;7;0;0;0;0;22;0;0;0;12;0;1;0;15;0;62;0;0;0;1;0;0;0;0;0;3;0;1;0;0;20;0;22;0;0;0;4;0;4;0;0;2;0;0;0;0;0;0;0;0;0;0;0;0;0;73;0;0;2;0;0;0;0;0;0;0;0;0;0;0;1;4;17;0;2;0;0;0;0;1;0;17;5;0;1;0;16;0;0;0;0;3;0;0;0;0;0;0;0;0;4;0;0;0;0;0;0;1;0;0;0;0;0;0;0;0;0;0;1;0;0;0;0;0;1;0;0;0;0;1;0;1;0;0;0;0;0;0;0;0;0;0;0;0;0;0;0;0;0;0;1;0;0;0;0;0;0;9;0;0;0;0;0;60;10;0;0;0;1;0
61;528,90;442,98;604,41;0;0;0;0;0;0;172;0;0;0;0;0;3;1;0;46;0;0;0;0;0;0;0;0;1;1;0;3;0;21;0;0;0;0;12;1;0;0;8;0;1;1;3;0;22;0;0;0;0;0;0;0;0;0;2;0;2;0;0;31;0;7;0;0;0;2;0;7;0;0;0;0;0;0;0;0;0;0;0;0;0;0;0;0;55;0;0;0;0;0;9;0;0;0;0;1;0;0;0;0;5;0;0;17;1;0;0;0;0;1;9;24;0;0;0;31;0;0;0;0;1;0;0;0;0;0;0;0;0;3;1;0;0;0;0;0;1;0;0;0;0;0;0;1;0;0;0;0;0;0;0;0;0;0;0;0;0;0;0;0;0;0;0;0;1;0;0;0;0;0;0;0;0;1;0;0;0;0;0;0;0;0;5;0;0;0;3;2;0;0;0;0;13;25;0;0;0;3;0
63;608,99;499,37;694,70;0;0;0;0;0;0;192;0;0;0;3;0;0;0;0;32;0;0;0;3;0;0;3;0;1;2;0;2;0;2;0;0;0;0;25;1;0;0;4;0;0;1;0;1;0;0;0;0;0;0;0;0;0;0;2;0;0;0;0;30;0;23;1;0;0;0;0;0;0;0;0;0;0;0;0;0;0;0;0;0;0;0;0;0;92;0;0;0;0;0;0;1;0;0;1;1;0;0;0;1;6;12;0;5;0;0;0;0;1;0;3;6;0;0;0;30;1;0;0;0;3;0;0;0;0;0;0;0;0;4;0;0;0;3;1;0;0;0;0;0;0;0;0;1;0;0;3;3;0;0;0;0;0;0;0;0;0;0;0;0;0;0;1;0;0;1;0;0;0;0;0;0;0;0;2;0;0;0;0;0;0;0;0;1;0;0;1;1;1;0;0;0;3;5;0;0;0;1;0
64;656,15;531,85;744,98;0;0;0;0;0;0;211;0;0;0;2;0;6;0;0;35;0;0;0;1;0;0;0;0;0;0;0;0;0;5;0;0;0;0;23;0;0;0;18;0;0;3;0;0;5;0;0;0;0;1;0;0;0;0;0;0;0;0;0;38;0;19;1;0;0;0;0;1;1;0;1;1;0;0;0;0;0;0;0;0;0;0;0;0;57;0;0;0;0;1;0;0;0;5;3;0;0;0;0;0;3;2;5;9;0;0;0;1;0;2;9;9;0;0;0;19;1;0;0;0;0;0;0;0;0;0;0;0;0;0;0;0;0;0;1;0;3;0;0;0;0;0;0;0;1;0;0;1;0;0;0;0;0;0;0;0;3;0;0;0;0;0;0;0;0;1;0;1;0;0;3;0;0;0;0;0;0;0;1;0;0;0;0;0;0;0;6;0;0;0;0;0;0;28;0;0;0;0;0
65;702,10;561,47;794,10;0;0;0;0;0;0;196;0;0;0;1;0;1;0;0;40;0;0;0;0;3;0;0;0;0;0;0;0;0;3;0;0;0;0;24;0;0;0;4;0;1;1;14;1;21;0;0;0;0;0;0;0;0;0;0;0;2;0;5;40;0;10;0;0;0;1;0;1;1;0;0;0;0;0;0;0;0;0;0;0;0;0;37;0;58;1;0;0;0;0;0;0;0;0;0;3;1;0;0;0;6;0;0;14;1;0;0;0;7;0;7;7;0;0;1;23;0;0;0;0;1;0;0;0;0;1;0;0;0;5;1;0;0;0;5;0;0;0;0;0;0;0;0;1;1;0;0;0;0;0;0;0;1;0;0;0;0;0;0;1;0;0;2;0;1;0;0;0;0;0;1;0;0;0;0;0;0;0;0;0;0;0;4;0;0;0;1;1;4;0;0;0;66;30;0;2;0;0;0
67;817,97;635,25;922,57;0;0;0;0;0;0;210;0;0;0;0;0;27;0;0;23;0;0;1;1;0;0;1;0;0;0;0;3;0;19;0;0;5;0;28;0;0;0;10;0;3;3;5;2;9;0;0;0;0;0;0;0;0;0;3;0;2;0;1;28;0;22;0;0;0;0;1;7;0;2;0;0;0;0;0;0;0;0;0;0;0;0;0;0;49;0;0;0;0;0;0;1;0;0;0;0;0;0;0;0;8;3;0;8;0;0;0;0;0;2;10;7;0;0;0;14;0;0;1;0;3;1;0;0;0;1;0;1;0;0;0;0;0;0;0;0;0;1;0;0;0;0;0;0;0;0;0;0;0;0;0;0;0;0;0;0;1;0;0;0;0;0;0;0;0;0;0;0;0;0;4;0;0;0;0;0;1;0;1;0;0;0;0;2;0;0;5;0;1;1;0;0;24;16;0;3;0;0;0
68;881,55;676,38;993,75;0;0;0;0;0;0;143;0;0;0;1;0;0;0;0;56;0;0;0;0;0;0;0;0;1;1;0;0;0;3;0;0;0;0;15;0;0;0;6;0;1;0;4;6;3;0;0;0;0;0;0;0;1;0;1;0;0;0;0;34;0;11;0;0;0;1;0;1;0;0;0;0;1;0;0;0;0;0;1;0;0;37;37;0;0;1;0;0;0;0;0;3;0;1;0;0;0;0;0;0;4;5;0;4;0;0;0;0;1;0;14;9;0;0;0;21;0;0;0;0;5;0;0;0;0;0;0;0;0;5;1;0;0;0;2;0;0;1;0;0;0;0;0;0;0;0;0;0;0;0;0;0;0;0;0;0;0;0;0;1;0;0;1;0;0;3;0;0;0;0;1;0;0;0;0;0;0;0;1;0;0;0;0;0;0;0;1;0;0;0;0;0;3;16;0;0;0;0;0
70;982,03;742,54;1105,97;0;0;0;0;0;0;116;0;0;0;0;0;0;0;0;41;0;0;0;0;1;0;0;0;0;0;0;0;0;8;0;0;0;2;26;0;0;0;7;0;5;0;11;1;8;0;0;0;0;0;0;1;0;0;3;0;0;0;2;16;0;15;0;0;0;0;0;1;0;0;0;0;0;0;0;0;0;0;0;0;0;0;13;0;44;0;0;0;0;0;0;0;2;0;0;0;0;0;0;0;15;30;0;0;0;0;0;0;0;0;30;15;0;0;1;17;0;2;0;0;9;0;0;0;0;0;0;0;0;6;3;0;0;0;5;0;0;0;0;0;0;0;0;0;0;0;0;0;0;0;0;0;0;0;0;0;0;0;0;2;0;0;0;1;0;0;0;0;0;0;0;0;0;0;0;0;0;0;1;0;0;0;0;0;0;0;9;0;0;0;0;0;32;26;0;0;0;5;0
73;1126,11;849,57;1262,67;0;0;0;0;0;0;161;0;0;0;1;0;7;0;0;58;0;0;0;0;0;0;0;0;0;0;0;1;0;9;1;0;0;0;17;0;0;0;8;0;0;4;3;0;11;0;0;0;0;0;0;1;0;0;0;2;1;0;0;58;0;22;0;1;0;14;0;1;0;1;0;0;0;0;1;0;0;0;0;0;0;0;0;0;49;0;0;0;0;0;0;0;2;0;2;0;0;0;0;0;0;10;0;0;1;0;0;0;0;0;20;1;0;0;0;10;2;0;0;0;0;0;0;0;0;0;0;7;0;1;0;0;0;1;2;0;1;4;0;0;0;0;0;0;0;0;4;0;0;0;0;1;0;0;0;0;0;0;3;1;0;0;0;1;0;0;0;0;0;0;2;0;0;0;0;0;0;0;2;0;0;0;8;0;0;0;1;5;0;0;0;0;21;20;0;0;0;0;0
75;1210,83;916,72;1353,67;0;0;0;0;0;0;135;0;0;0;0;0;0;0;0;64;0;0;0;0;0;0;0;0;0;0;0;0;0;25;0;0;0;0;64;0;0;0;15;0;13;0;0;1;1;0;0;0;0;0;0;0;0;0;2;0;0;0;0;66;0;35;12;0;3;0;0;1;0;1;0;7;0;0;0;0;0;0;0;0;0;0;0;0;77;0;0;0;0;0;0;1;8;0;0;0;0;0;0;1;0;18;0;0;0;0;0;1;0;0;12;10;0;0;0;7;3;7;0;0;7;0;0;0;0;0;0;0;0;0;0;0;0;0;3;0;0;1;0;0;0;0;0;0;0;0;1;0;0;0;0;4;0;0;0;0;0;0;1;0;0;0;0;0;0;1;0;0;0;0;0;0;0;0;0;0;0;0;7;0;0;0;62;0;0;2;0;3;0;0;0;0;5;19;0;0;0;0;0
78;1328,08;1018,05;1474,60;0;0;0;0;0;0;148;0;0;0;3;0;13;1;0;66;0;0;0;0;0;0;0;0;0;0;1;1;0;13;0;0;0;0;68;0;0;0;55;0;3;0;0;4;1;0;0;0;0;0;0;0;0;0;0;0;0;0;0;60;0;24;6;0;5;14;3;2;0;3;0;13;1;0;0;0;0;0;0;0;0;0;0;0;45;0;0;0;0;0;0;0;16;0;0;0;0;0;0;0;3;6;0;0;0;0;0;0;0;0;35;12;0;0;0;13;0;0;0;0;0;0;0;0;0;0;0;0;0;8;0;0;0;0;0;0;0;1;2;0;0;0;0;0;0;0;1;0;0;0;0;1;0;0;0;0;0;0;1;0;0;0;0;5;1;0;0;0;0;0;0;0;0;0;0;0;0;0;2;0;0;0;0;0;0;0;0;0;0;0;0;0;4;20;0;0;0;5;0
80;1368,36;1055,13;1517,25;0;0;0;0;0;0;39;0;0;0;0;0;10;0;1;72;0;0;0;0;0;0;0;0;0;0;0;6;0;21;1;0;0;0;82;1;0;0;66;0;3;0;0;3;0;0;0;0;0;0;0;0;0;0;0;0;0;0;1;17;0;4;0;0;6;3;3;0;0;5;1;15;1;0;0;0;0;0;0;0;0;0;0;0;6;0;0;0;0;0;0;0;3;0;5;0;0;0;0;0;5;0;0;1;9;1;0;0;0;0;24;1;0;0;0;1;0;3;0;0;2;0;0;0;0;0;0;0;0;6;0;0;0;0;0;0;5;0;0;0;0;0;0;0;0;0;0;1;0;0;0;0;0;0;0;0;0;0;7;1;0;0;0;1;0;0;0;0;0;0;0;0;0;0;0;0;0;0;12;0;0;0;45;0;0;6;1;0;25;0;0;0;1;23;0;0;0;0;0
83;1481,14;1166,27;1632,82;0;0;0;0;0;0;140;0;0;17;2;0;15;0;0;50;0;0;0;0;0;0;3;0;0;1;0;1;0;14;0;0;0;0;31;0;0;0;45;1;7;0;1;3;12;0;0;0;0;0;0;0;0;0;0;0;0;0;0;50;0;32;23;0;0;5;0;3;0;1;0;9;0;0;0;0;0;0;0;0;0;0;0;0;20;0;0;0;0;0;0;0;0;0;0;0;0;0;0;0;1;15;0;0;1;2;0;0;0;0;14;15;0;0;0;7;2;0;1;0;8;0;0;0;0;0;0;2;0;5;0;1;0;0;4;0;0;0;0;0;0;0;0;0;0;0;0;3;0;0;0;1;0;1;0;0;75;0;0;0;0;0;0;2;1;0;0;0;0;0;0;0;0;0;0;0;0;0;9;0;3;0;0;0;0;0;0;0;0;0;0;0;10;23;0;0;0;0;0
85;1571,71;1265,39;1723,16;0;1;0;0;0;0;171;0;0;0;2;0;3;0;0;51;0;0;0;0;0;0;1;0;0;1;0;5;0;14;0;0;0;1;55;0;0;0;3;0;4;0;19;0;29;0;0;0;0;0;0;0;2;0;0;0;0;0;0;48;0;25;0;0;0;0;0;6;0;1;0;5;0;0;0;0;0;0;0;0;0;0;0;0;46;0;0;0;0;0;0;0;0;0;0;0;0;0;0;0;3;15;0;0;0;1;0;0;1;0;13;3;0;1;0;12;0;1;0;0;2;0;0;0;0;0;0;0;0;7;1;0;0;0;4;0;0;0;0;0;0;2;0;0;0;0;0;0;0;0;0;0;0;0;0;0;65;0;1;1;0;0;0;1;0;0;0;0;0;0;1;3;0;0;0;0;0;0;0;0;0;0;1;0;0;0;0;0;0;0;0;0;61;20;0;1;0;1;0
88;1672,39;1384,65;1822,89;0;1;0;0;0;0;173;0;0;0;4;0;4;0;0;32;0;0;0;0;0;0;4;0;0;1;0;2;0;16;1;0;0;0;34;0;0;0;17;0;0;0;0;1;0;0;0;0;0;0;0;0;0;0;0;0;0;0;1;62;0;8;0;0;3;2;0;3;0;1;0;1;1;0;0;0;0;0;0;0;0;0;0;0;37;0;0;0;0;0;0;0;3;0;0;0;0;0;0;1;3;1;0;1;0;0;0;0;0;0;10;7;0;0;0;1;0;0;0;0;0;0;0;0;0;0;0;0;0;9;0;0;0;0;3;0;0;0;0;0;0;0;0;0;0;0;0;0;0;0;0;0;0;0;0;0;94;0;0;0;0;0;0;0;0;0;0;0;0;0;0;1;0;1;0;2;0;0;1;0;0;0;0;4;0;0;0;0;1;0;0;0;0;16;0;0;0;0;0
90;1722,57;1449,27;1870,89;0;0;0;0;0;0;115;0;0;0;1;0;5;4;0;51;0;0;0;0;0;0;0;0;0;3;0;4;0;10;0;0;0;0;55;0;0;0;25;1;8;0;3;3;0;0;0;0;0;0;0;0;1;0;1;0;0;0;0;71;0;16;0;0;1;0;3;5;0;0;0;4;0;0;0;0;0;0;0;0;0;0;0;0;20;0;0;0;0;0;0;0;1;0;1;0;0;0;0;0;5;0;3;5;0;0;0;0;0;1;33;13;0;0;0;12;1;0;0;0;3;0;0;0;0;0;0;0;0;11;0;0;0;0;0;0;0;0;0;0;0;1;0;0;0;0;0;1;0;0;0;4;0;0;0;0;101;1;1;0;0;0;1;0;0;0;0;0;0;0;0;8;0;1;0;1;0;0;0;0;0;0;0;0;0;0;0;1;1;0;0;0;2;25;0;0;0;14;0
91;1753,40;1490,57;1900,32;0;0;1;0;0;0;61;0;0;0;13;0;8;0;0;45;0;0;6;0;0;0;1;0;0;0;0;15;0;15;0;0;7;0;50;0;0;0;43;0;0;0;1;15;0;0;0;0;0;0;0;0;0;0;1;0;0;1;0;30;0;15;4;0;14;1;0;14;1;0;0;31;0;0;0;0;0;0;0;0;0;0;0;0;15;0;0;0;0;0;0;0;0;0;0;0;0;0;0;0;0;3;0;3;0;10;0;0;0;0;34;11;0;0;0;1;0;1;0;0;5;0;0;0;0;0;0;0;0;20;0;0;0;0;0;0;1;0;0;0;0;0;0;0;0;0;0;0;0;0;0;0;0;0;0;0;102;0;1;0;0;0;1;8;0;1;0;0;0;0;0;1;0;0;0;0;0;0;3;0;0;0;4;0;0;0;0;1;0;3;0;0;4;24;0;0;0;0;0
93;1820,41;1581,65;1963,04;0;0;0;0;0;0;129;0;0;0;0;0;5;2;0;0;0;0;0;1;0;0;0;0;0;1;0;4;0;19;0;0;0;2;37;0;0;0;28;0;2;1;1;8;5;0;0;0;0;0;0;0;0;0;0;2;0;0;0;25;0;6;0;0;0;1;0;2;0;0;1;2;0;0;0;0;0;0;0;0;0;0;0;0;27;0;0;0;0;0;0;0;0;0;0;0;0;0;0;0;0;7;0;2;0;0;0;0;0;0;10;14;0;0;0;8;0;0;0;0;1;0;0;0;0;0;0;2;0;27;0;0;0;0;1;0;1;0;0;0;0;5;0;0;0;0;3;0;0;0;0;0;0;0;2;0;128;0;0;0;0;0;0;5;0;0;0;0;0;0;0;2;0;0;0;0;0;0;1;0;1;0;0;0;0;0;3;0;0;0;0;0;14;31;0;0;0;0;0
95;1890,83;1674,73;2027,25;0;0;0;0;0;0;71;0;0;0;12;0;26;0;0;29;0;0;0;0;0;0;1;0;0;0;1;18;0;9;1;0;2;0;39;0;0;0;49;0;3;0;0;8;1;0;0;0;0;0;0;0;1;0;0;0;0;0;1;22;0;5;0;0;9;17;2;1;7;5;1;19;3;0;0;0;0;0;0;1;0;0;0;0;7;0;0;0;0;0;0;1;3;0;0;0;0;0;0;0;4;0;0;6;0;1;0;0;0;0;14;17;0;0;0;1;0;0;0;0;1;0;0;0;0;0;0;0;0;4;0;0;0;0;3;0;0;0;0;0;0;0;0;0;0;0;0;0;0;0;0;0;0;0;0;0;125;0;2;0;0;0;0;4;0;0;0;0;0;0;0;2;0;0;0;0;0;0;3;0;0;0;0;5;0;0;2;0;0;0;0;0;1;30;0;0;0;0;0
97;1957,25;1770,09;2087,32;0;0;0;0;0;0;82;0;0;0;12;0;30;0;0;26;0;0;0;0;0;0;0;0;1;1;0;15;1;18;0;0;0;0;42;8;0;0;15;0;0;0;1;2;3;0;0;0;0;0;0;0;0;0;5;0;0;0;2;37;0;19;0;0;0;4;2;7;2;3;0;4;1;0;0;0;0;1;1;0;0;0;0;0;22;0;0;0;0;0;0;0;0;0;0;1;0;0;0;0;0;1;0;5;0;2;0;0;0;0;9;9;0;0;0;11;0;0;0;0;1;0;0;0;0;0;0;0;0;15;0;0;0;0;18;0;0;0;0;0;0;3;0;0;0;0;0;2;0;0;0;0;0;0;0;0;192;0;0;1;0;0;0;0;0;0;1;0;0;0;0;2;0;0;0;0;0;0;0;0;0;0;3;0;0;0;0;2;0;0;0;0;13;26;0;0;0;0;0
98;1989,09;1816,17;2115,67;0;0;0;0;0;0;103;0;0;0;0;0;15;0;0;33;0;0;0;0;0;0;0;0;0;3;0;9;0;17;0;0;0;0;15;1;0;0;8;0;0;0;0;0;0;0;0;0;0;0;0;0;0;0;0;0;0;0;0;27;0;3;0;0;1;6;0;7;1;6;1;3;3;0;0;0;0;0;0;0;0;0;0;0;23;0;0;0;0;0;0;0;0;1;1;0;0;0;0;0;2;3;0;3;0;0;0;0;0;0;10;5;0;0;0;4;0;0;0;0;0;0;0;0;0;0;0;2;0;2;0;0;0;0;7;0;1;0;0;0;0;0;0;0;0;0;0;1;0;0;0;0;0;0;1;0;201;0;1;0;0;0;0;0;1;0;0;0;0;0;0;1;0;0;0;0;0;0;1;0;0;0;0;0;0;0;1;0;3;0;0;0;3;10;0;0;0;0;0
101;2060,85;1918,08;2175,95;0;0;0;0;0;0;118;0;0;0;3;0;4;0;0;32;0;0;0;0;0;0;0;0;0;0;0;1;0;12;0;0;0;0;26;0;0;0;20;0;14;0;5;0;8;0;0;0;0;0;0;0;0;0;1;0;0;0;1;34;0;21;0;0;1;0;1;3;1;6;0;1;6;0;0;0;0;0;0;0;0;0;0;0;22;0;0;0;0;0;0;0;9;0;0;0;0;0;0;0;0;11;0;0;2;0;0;0;0;0;22;17;0;0;0;14;0;0;0;0;1;0;0;0;0;0;0;0;1;9;0;0;0;0;3;0;1;1;0;0;0;0;0;0;0;0;0;1;0;0;0;0;0;0;3;0;105;1;0;0;0;0;1;0;0;0;0;0;0;0;0;0;0;1;0;0;0;0;3;0;0;0;1;2;0;0;0;0;0;0;0;0;9;9;0;5;0;0;0
103;2113,00;1994,73;2218,62;0;0;0;0;0;0;148;0;0;0;5;0;1;3;0;24;0;0;0;0;0;0;0;0;0;0;0;5;0;0;0;0;0;0;46;0;0;0;15;0;0;0;0;1;7;1;0;0;0;0;0;0;0;0;0;0;0;0;0;35;1;14;0;0;7;8;0;3;0;5;1;1;0;0;0;0;0;3;0;0;0;0;0;0;27;0;0;0;0;0;0;0;0;3;0;0;0;0;0;0;3;2;0;6;0;0;0;0;0;2;36;1;0;0;0;20;0;0;1;0;3;0;0;0;0;0;0;3;0;0;0;0;0;0;1;0;0;0;0;0;0;0;0;0;0;0;0;3;0;0;0;0;0;0;0;0;113;0;0;0;1;0;1;0;0;0;0;0;0;0;0;0;0;0;0;0;0;0;2;0;0;0;0;5;0;0;3;0;0;0;0;0;7;20;0;0;0;0;0
105;2168,28;2074,65;2265,16;0;0;0;0;0;0;62;0;0;0;7;0;1;0;0;21;0;0;0;0;0;0;0;0;0;0;0;1;0;11;1;0;1;0;22;0;0;0;20;0;0;0;0;3;0;0;0;0;0;0;0;0;0;0;0;0;0;0;1;15;1;5;1;0;10;0;0;1;1;0;0;2;0;0;0;0;0;0;0;0;0;0;0;0;9;0;0;0;0;0;0;0;1;5;0;0;0;0;0;0;1;3;0;0;0;0;0;0;0;1;7;10;0;0;0;7;0;0;0;0;0;0;0;0;0;0;0;0;0;2;0;0;0;0;12;0;0;1;0;0;0;2;0;0;3;0;0;0;0;0;0;1;0;0;1;0;208;1;0;0;1;0;0;0;0;0;0;0;0;0;1;7;0;0;0;0;0;0;1;0;0;0;7;14;0;0;1;0;1;0;0;0;0;8;0;0;0;0;0
106;2195,08;2109,27;2287,26;0;0;0;0;0;0;107;0;0;0;0;0;7;0;0;27;0;0;0;0;0;0;0;0;0;1;2;6;0;7;0;0;6;2;30;0;0;0;37;0;1;1;0;0;0;0;0;0;0;0;0;0;0;0;1;0;4;0;1;41;0;7;0;0;10;0;1;4;0;3;2;0;0;0;0;0;0;0;0;0;0;0;0;0;19;0;0;0;0;1;0;0;0;0;0;0;0;0;0;0;1;5;1;1;0;0;0;0;0;0;30;12;0;0;0;7;3;0;0;0;0;0;0;0;0;0;0;0;0;4;0;0;0;0;4;0;3;0;0;0;0;0;0;0;0;0;1;0;0;0;0;0;0;0;0;0;152;0;0;0;0;0;1;2;0;0;0;0;0;0;0;3;0;0;0;0;0;0;0;0;1;0;0;20;0;0;0;1;0;0;0;0;0;18;0;0;0;0;0
108;2247,10;2169,27;2336,47;0;0;0;0;0;0;63;0;0;0;0;0;9;0;0;35;0;0;0;0;0;0;0;0;0;0;0;2;0;12;0;0;0;0;21;7;0;0;44;0;0;0;0;0;0;0;0;0;0;0;0;0;1;0;0;0;0;0;0;34;3;13;0;0;17;0;1;1;0;2;0;0;0;0;0;0;0;1;0;0;0;0;0;0;10;0;0;0;0;0;0;0;0;0;0;0;0;0;0;0;0;3;0;0;0;2;0;0;0;2;17;5;0;0;0;3;0;0;0;0;0;0;0;0;0;0;0;0;0;5;0;0;0;0;0;0;0;0;0;0;0;0;0;0;0;0;1;1;0;0;0;0;0;0;0;0;206;0;0;0;0;4;1;0;0;0;0;0;1;0;0;13;0;0;0;0;0;0;0;0;0;0;0;0;0;0;3;3;3;0;0;0;0;10;0;0;0;0;0
109;2272,48;2191,37;2365,61;0;0;0;0;0;0;104;0;0;0;5;0;3;1;0;35;0;0;0;0;0;0;0;1;0;0;0;3;0;7;0;0;0;1;34;1;0;0;17;0;0;0;0;0;0;0;0;0;0;0;0;0;0;0;1;0;0;0;0;34;0;13;0;0;0;4;0;6;1;8;0;0;1;0;0;0;0;0;0;0;0;0;0;0;19;0;0;0;0;0;0;0;0;4;3;0;0;0;0;0;0;10;0;0;0;0;0;0;0;0;10;15;0;0;0;9;0;0;0;1;0;0;0;0;0;0;0;0;0;7;0;0;0;0;2;0;0;1;0;0;0;1;0;0;0;0;0;0;0;0;0;0;0;0;1;0;146;1;0;0;0;0;0;0;0;3;0;0;0;0;0;3;0;0;0;0;0;0;1;0;0;0;8;2;0;0;0;2;0;0;0;0;0;14;0;0;0;0;0
111;2321,89;2231,30;2430,01;0;0;0;0;0;0;82;0;0;0;1;0;9;0;0;34;0;0;0;0;0;0;0;0;0;0;0;9;0;9;0;0;0;0;39;0;1;0;14;0;5;0;1;0;0;0;0;0;0;0;0;0;0;0;3;0;0;0;0;38;0;12;0;0;16;0;4;3;1;0;0;3;0;0;0;0;0;0;0;0;0;0;0;0;12;0;0;0;0;0;0;0;0;1;0;0;0;0;0;0;0;1;0;0;0;0;0;0;0;1;11;21;0;0;0;9;3;0;0;0;1;0;0;0;0;0;0;4;0;13;0;0;0;0;15;0;0;0;0;0;0;1;0;0;0;0;0;1;0;0;0;0;0;0;1;0;174;1;0;0;3;0;0;1;0;7;0;0;0;0;0;20;0;0;0;0;0;0;2;0;0;0;0;0;0;0;2;1;0;0;0;0;0;2;0;0;0;0;0
114;2393,02;2281,29;2524,62;0;0;0;0;0;0;171;0;0;0;0;0;9;0;0;46;0;0;0;0;0;0;0;0;0;0;1;1;0;7;0;0;0;2;53;3;0;0;28;0;0;0;0;5;0;0;0;0;0;0;0;0;0;0;0;0;1;0;0;58;0;24;0;0;12;0;0;15;0;7;6;0;0;0;0;0;0;0;0;0;0;0;0;0;36;0;0;0;0;0;0;0;0;1;0;0;0;0;0;0;1;13;0;0;0;1;0;0;0;0;36;30;2;0;0;18;0;0;0;0;0;0;0;0;1;0;0;0;0;16;0;0;0;0;13;0;0;1;0;0;0;0;0;0;0;0;0;1;0;0;0;0;0;0;0;0;48;0;0;0;0;0;1;0;0;0;0;0;0;0;0;0;0;0;0;0;0;1;1;0;1;0;0;8;0;0;0;1;0;0;0;0;0;20;0;0;0;0;0
115;2415,95;2295,35;2558,43;0;0;0;0;0;0;200;0;0;0;0;0;12;0;0;48;0;0;0;0;0;0;0;0;1;0;2;3;0;9;0;0;0;0;55;0;0;0;25;0;0;0;0;1;1;0;0;0;0;0;0;0;0;0;2;0;0;0;1;41;1;14;0;0;11;0;4;5;0;5;0;0;0;0;0;0;0;0;0;0;0;0;0;0;39;0;0;6;0;1;0;0;0;6;0;0;0;0;0;0;0;16;0;0;1;0;0;0;3;0;22;19;0;0;0;20;0;0;0;1;0;0;0;0;0;0;0;0;0;6;0;0;0;0;5;0;0;1;0;0;0;0;0;0;0;0;5;5;0;0;0;0;0;0;1;0;26;0;1;0;1;0;0;0;0;0;0;0;0;0;0;0;0;0;0;0;0;0;3;0;1;0;0;1;0;0;11;4;0;0;1;0;0;17;0;0;0;0;0
118;2479,83;2335,92;2651,13;0;0;0;0;0;0;170;0;0;0;2;0;5;0;0;59;0;0;0;0;0;1;0;0;0;0;5;1;0;11;0;0;0;2;38;0;0;0;14;0;0;2;0;1;0;0;0;0;0;0;0;0;0;0;2;0;0;0;0;37;5;16;0;0;11;0;0;4;0;0;0;5;0;0;0;0;0;1;0;0;0;0;0;0;59;0;0;0;0;0;0;0;0;0;0;0;0;0;0;0;0;18;0;0;0;0;0;0;3;0;13;17;0;0;0;17;0;0;0;1;0;0;0;0;0;0;0;0;0;0;0;0;0;0;10;0;0;0;0;0;0;0;0;0;0;0;0;1;0;0;0;0;0;0;1;0;15;0;0;0;0;0;0;4;0;1;0;2;0;0;0;0;0;0;0;0;0;0;1;0;0;0;0;8;0;0;4;10;0;0;0;1;0;9;0;0;0;0;0
120;2519,91;2362,71;2703,35;0;0;0;0;0;0;157;0;0;0;0;0;34;5;0;97;0;0;0;0;1;0;0;0;0;5;0;0;0;5;0;0;5;0;58;0;0;0;27;0;1;1;0;2;0;0;0;0;1;0;0;0;0;0;2;0;0;0;9;65;0;19;0;0;16;0;0;12;0;1;0;0;2;0;0;0;0;24;6;0;0;0;0;0;45;0;0;0;0;0;0;0;0;0;0;0;0;0;0;0;0;2;1;0;0;0;0;0;2;0;22;4;4;0;0;22;0;0;0;0;1;0;0;0;0;0;0;0;0;17;0;0;0;0;3;0;0;0;0;0;0;0;0;0;0;0;0;1;0;0;0;0;0;0;0;0;10;0;0;0;0;0;2;2;0;0;0;0;0;0;0;0;0;0;0;0;0;0;1;0;0;0;5;15;0;0;0;2;0;0;0;0;0;21;0;0;0;0;0
121;2540,80;2375,40;2732,53;0;0;0;0;0;0;105;0;0;0;2;0;10;3;0;67;0;0;0;0;0;1;0;0;0;0;1;2;0;3;0;0;0;0;41;0;1;0;14;0;3;0;0;0;0;0;0;0;0;0;0;0;0;0;2;0;0;2;0;78;0;19;0;0;0;9;4;8;2;0;0;0;0;0;0;0;0;11;0;0;0;0;0;0;27;0;0;0;0;0;0;0;0;0;0;0;0;0;0;0;0;0;0;14;2;0;0;2;1;1;30;9;3;0;0;14;0;0;0;0;0;0;0;0;0;0;0;0;0;4;0;0;0;0;10;0;2;0;0;0;0;0;0;0;0;0;0;7;0;0;0;0;0;0;0;0;44;0;0;0;2;0;0;1;0;0;0;0;0;0;2;0;0;1;0;0;0;0;0;0;0;0;9;0;0;26;2;5;0;0;0;0;0;19;0;0;0;0;0
123;2581,23;2398,60;2785,39;0;0;0;0;0;0;162;0;0;0;0;0;3;1;0;80;0;0;0;0;1;0;0;0;1;3;0;1;0;0;0;0;0;0;33;0;0;0;3;0;0;1;0;5;0;0;0;0;1;0;0;0;0;0;1;0;0;0;0;39;0;19;0;0;5;0;1;2;1;1;0;0;0;0;0;0;0;2;0;0;0;0;0;0;19;0;0;0;0;2;0;0;0;0;0;0;0;0;0;0;0;0;1;5;0;0;0;0;0;0;0;7;0;0;0;16;0;0;0;0;0;0;0;0;0;0;0;5;0;2;0;0;0;0;1;0;0;0;0;0;0;0;0;0;1;0;0;2;0;0;0;0;0;0;0;0;19;0;0;0;0;0;0;0;0;0;0;0;0;0;4;0;0;0;0;0;0;0;1;0;0;0;7;0;29;13;2;8;5;0;0;3;0;7;0;0;0;0;0
125;2592,08;2405,58;2799,83;0;0;0;0;0;0;185;0;0;0;1;0;3;0;0;62;0;0;0;0;1;0;0;0;0;4;0;3;0;4;0;0;0;0;20;1;0;0;15;0;1;3;0;2;0;0;1;0;0;0;0;0;0;0;3;0;0;0;0;35;2;3;0;0;3;5;1;9;0;0;5;3;0;0;0;2;0;0;0;0;0;0;0;0;28;0;0;0;0;0;0;0;0;1;0;0;0;1;0;0;0;3;1;0;0;0;0;0;2;0;19;9;0;0;0;18;0;1;0;1;0;0;0;0;0;0;0;0;0;5;0;0;0;0;15;0;0;0;0;0;0;0;0;0;0;0;1;0;0;0;0;0;0;0;0;0;3;0;0;0;0;0;0;1;0;0;0;0;0;0;4;0;0;0;0;0;0;1;0;0;0;0;1;0;21;0;7;7;3;0;0;1;0;13;0;0;0;0;0
128;2623,15;2422,24;2844,04;0;0;0;0;0;0;203;0;1;0;0;0;1;0;0;52;0;0;0;0;0;0;0;0;0;1;0;0;0;7;0;0;0;0;16;0;0;0;3;0;7;0;0;0;0;0;0;0;0;0;0;0;0;0;0;0;0;0;1;30;2;25;0;0;3;0;0;2;0;2;0;0;0;0;0;0;0;0;0;0;0;0;0;0;60;0;0;0;0;0;0;0;0;3;0;0;0;0;0;0;0;7;0;6;1;0;0;0;2;5;10;11;3;0;0;17;1;0;0;1;3;0;0;0;0;0;0;0;1;6;7;0;0;0;8;0;0;1;0;0;0;0;0;0;0;0;0;4;0;0;0;0;0;0;0;0;10;0;16;2;0;0;0;0;1;0;0;0;0;0;0;0;0;0;0;0;0;0;0;0;0;0;5;0;4;0;0;0;1;0;0;0;0;10;0;0;0;0;0
131;2677,40;2452,02;2925,63;0;0;0;0;0;0;212;0;0;0;0;1;7;0;0;31;0;0;0;0;0;0;0;0;0;0;0;2;0;14;0;0;0;0;26;1;0;0;10;0;0;4;0;9;0;0;0;0;0;0;0;0;0;0;0;0;0;0;0;33;0;20;0;0;7;4;0;3;0;0;0;0;0;0;0;0;0;7;0;0;0;0;0;0;58;0;0;0;0;1;0;0;0;2;1;0;0;0;0;0;0;8;0;0;0;0;0;0;7;0;10;6;4;0;0;43;0;0;0;0;0;0;0;0;0;0;0;0;0;5;4;0;0;0;1;0;0;2;0;0;0;0;0;0;0;0;0;0;0;0;0;0;0;0;0;0;5;0;3;2;0;0;0;0;1;0;0;0;0;0;0;0;0;0;0;0;0;0;1;0;0;0;10;0;2;0;3;4;0;0;0;0;0;20;0;0;0;0;0
133;2706,08;2465,83;2968,58;0;0;0;0;0;0;201;0;0;0;2;1;3;3;0;72;0;0;0;0;0;0;1;0;0;0;1;5;0;9;0;0;0;0;53;0;0;0;29;0;9;1;0;3;0;0;0;0;0;0;0;0;0;0;4;0;0;0;4;42;2;17;0;0;5;0;5;5;0;0;0;1;0;0;0;0;0;0;0;0;0;0;0;0;41;0;0;0;0;0;0;0;0;6;0;0;0;0;0;0;0;11;0;0;0;0;0;0;0;1;23;34;1;0;0;29;0;0;0;0;5;0;0;0;0;0;0;0;0;14;1;0;0;0;3;0;0;0;0;0;0;0;0;0;0;0;1;4;0;0;0;0;0;0;0;0;11;3;0;4;0;0;0;1;1;0;0;0;0;0;0;0;0;0;0;0;0;1;0;0;0;0;0;0;0;0;1;2;0;0;0;1;0;17;0;0;0;0;0
135;2725,74;2474,76;2997,03;0;0;0;0;0;0;142;0;0;0;1;0;1;18;0;72;0;0;0;0;1;0;1;0;0;0;1;4;0;12;0;0;3;0;59;0;0;0;23;0;1;3;0;4;0;0;2;0;0;0;0;0;0;0;7;0;0;0;0;55;2;30;0;0;1;7;0;9;3;4;5;1;0;0;0;0;0;3;0;0;0;0;0;0;40;0;0;0;0;0;0;0;7;0;0;0;0;0;0;0;3;0;0;5;0;0;0;0;1;1;20;28;0;0;0;12;0;0;0;0;2;0;0;0;0;0;0;0;0;15;1;0;0;0;0;0;1;0;0;0;0;1;0;0;0;0;1;3;0;0;0;0;0;0;0;0;0;0;0;0;0;0;0;0;0;0;0;1;0;0;0;0;0;0;1;0;0;0;3;0;0;0;0;0;0;0;3;5;0;0;0;0;0;25;0;0;0;0;0
137;2755,83;2487,73;3044,68;0;0;0;0;0;0;108;0;0;0;5;0;3;0;0;50;0;0;0;0;2;0;0;0;1;0;0;0;0;12;0;0;0;0;98;3;0;0;27;0;1;0;0;3;0;0;6;0;0;0;0;0;0;0;5;0;0;0;0;53;0;30;0;0;5;0;0;3;4;3;1;6;0;0;0;0;0;0;0;0;0;0;0;0;58;0;0;0;0;0;0;0;0;0;0;0;0;0;0;0;0;7;0;0;0;0;0;0;0;0;22;10;0;0;0;23;0;0;0;0;0;0;0;0;0;0;0;1;0;9;0;0;0;0;3;0;1;0;0;0;0;0;0;0;0;0;0;1;0;0;0;1;0;0;0;0;4;0;0;0;0;0;1;0;1;0;0;0;0;0;5;0;0;1;0;0;0;1;0;0;0;0;0;0;1;0;0;0;1;0;0;0;0;23;0;0;0;0;0
138;2767,80;2494,52;3062,20;0;0;0;0;0;0;159;0;0;0;2;0;6;3;0;42;0;0;0;0;7;0;0;0;0;0;0;2;0;11;0;0;0;0;42;0;0;0;15;0;0;0;0;1;0;0;3;0;0;0;0;1;0;0;0;0;0;0;0;53;5;21;0;0;0;8;1;10;2;4;0;1;0;0;0;0;0;0;0;0;0;0;0;0;44;0;0;0;0;0;0;0;5;0;0;0;0;0;0;1;0;11;0;0;0;0;0;0;0;0;7;6;0;0;0;25;0;0;0;0;0;5;0;0;0;0;0;2;0;14;0;0;0;0;3;0;0;0;0;0;0;0;0;0;0;0;0;0;0;0;0;0;0;0;0;0;11;0;1;0;0;0;0;0;0;0;3;0;0;0;0;0;0;0;0;0;0;0;2;0;0;0;0;5;0;0;0;0;0;0;0;0;0;13;0;0;0;0;0
140;2797,73;2509,72;3116,37;0;0;0;0;0;0;152;0;1;0;0;0;17;14;0;66;0;0;0;0;1;0;0;0;1;0;0;4;0;23;0;0;0;0;66;0;0;0;32;0;3;7;0;0;0;0;0;0;0;0;0;0;0;0;2;0;1;0;2;39;0;25;0;0;14;0;7;17;3;13;0;0;0;0;0;0;0;12;0;0;0;0;0;0;58;0;0;0;0;0;0;0;0;0;0;0;0;0;0;0;0;0;0;1;1;3;0;0;0;1;15;34;0;0;0;27;0;1;0;0;0;1;0;0;0;0;0;0;0;7;0;0;0;0;1;0;0;0;0;0;0;1;0;0;0;0;0;0;0;0;0;0;0;0;0;0;3;0;0;1;0;0;0;0;0;0;0;0;2;0;3;0;0;0;1;0;0;2;0;0;0;0;0;0;2;0;0;2;0;0;0;0;0;14;0;0;0;0;0
141;2811,16;2516,18;3140,41;0;0;0;0;0;0;133;0;0;0;0;0;9;16;0;42;0;0;0;0;0;1;0;0;1;0;0;0;0;17;0;0;0;0;37;0;0;0;30;0;1;3;0;3;0;0;0;0;0;0;0;0;1;1;0;0;0;0;5;37;0;12;0;2;3;0;0;2;0;5;0;0;0;0;0;0;0;16;0;0;0;0;0;0;51;0;0;0;0;0;0;1;1;5;0;0;0;0;0;0;0;10;0;0;0;0;0;1;0;1;30;41;1;0;0;29;0;0;0;0;0;1;0;0;0;0;0;0;0;12;0;0;0;0;0;0;0;0;0;0;0;0;0;0;0;0;2;0;0;0;0;0;0;0;0;0;1;0;5;0;0;0;0;0;0;0;0;0;0;0;4;0;0;0;0;0;0;0;3;0;0;0;0;0;0;0;0;0;0;0;0;0;0;18;0;0;0;0;0
143;2844,17;2530,60;3197,43;0;0;0;0;0;0;142;0;0;0;1;0;0;10;0;55;0;0;0;0;2;0;0;0;0;0;0;0;0;12;0;0;0;0;83;1;0;0;16;0;0;1;0;0;0;0;0;0;0;0;0;0;0;1;5;0;0;0;0;44;3;37;0;0;1;3;0;7;0;12;0;0;0;0;0;0;0;16;2;0;0;0;0;0;41;0;0;0;0;0;0;0;1;0;0;0;0;0;0;0;1;1;2;1;0;4;0;0;0;0;19;17;2;0;0;29;0;0;0;0;0;5;0;0;0;3;0;0;0;0;0;0;0;0;1;0;0;1;0;0;0;0;0;0;0;0;0;3;0;0;0;0;0;0;0;0;20;0;1;0;0;0;0;0;0;0;0;0;0;0;0;0;0;0;0;1;0;0;3;0;1;0;1;0;0;0;3;0;0;0;0;0;0;30;0;0;0;0;0
145;2876,36;2543,04;3258,94;0;0;0;0;0;0;76;0;0;0;0;0;1;25;0;63;0;0;0;0;1;2;0;0;0;1;0;1;0;8;0;0;0;0;37;6;0;0;24;0;0;0;0;1;0;0;0;0;0;0;0;0;0;1;0;0;0;0;0;41;0;33;0;0;4;12;6;3;3;3;3;0;0;0;0;0;0;6;1;0;0;0;0;0;9;0;0;0;0;0;0;0;0;0;1;0;0;0;0;0;1;3;0;0;0;0;0;0;0;1;21;4;0;0;0;5;0;0;0;0;0;1;0;0;0;3;0;0;0;1;0;0;0;0;4;0;0;3;0;0;0;0;0;0;0;0;0;3;0;0;0;0;0;0;0;0;110;1;0;0;0;0;0;0;0;0;0;0;0;0;1;1;0;0;0;0;0;1;0;0;0;0;0;0;0;2;1;0;0;0;0;0;0;18;0;0;0;0;0
147;2907,78;2552,18;3320,14;0;0;0;0;0;0;123;0;1;0;0;0;0;12;0;61;0;0;0;0;0;0;0;0;0;0;0;1;0;29;0;0;0;0;36;0;0;0;16;0;1;0;0;0;0;0;0;0;0;0;0;0;0;0;0;0;0;0;0;62;0;34;0;0;2;1;18;3;0;0;0;0;0;0;0;0;0;22;0;0;0;0;0;0;25;0;0;0;0;0;0;0;0;3;0;0;0;0;0;0;0;0;3;3;0;0;0;0;6;0;5;24;0;0;0;19;0;0;2;0;0;1;0;0;0;1;0;0;0;1;0;0;0;0;5;0;1;0;0;0;0;0;0;0;0;0;1;1;0;0;0;0;0;0;0;0;16;0;0;0;0;0;0;0;0;0;0;0;0;0;0;7;0;0;0;0;0;0;0;0;0;0;0;3;0;0;0;0;1;0;0;0;1;20;0;0;0;0;0
150;2950,94;2563,55;3420,39;0;0;0;0;0;0;74;0;0;0;0;0;7;9;0;76;0;0;0;0;0;0;0;0;0;0;0;0;0;28;0;0;0;0;42;1;0;0;40;1;5;0;0;3;0;1;0;0;0;0;0;1;3;3;1;0;0;0;0;62;0;20;0;0;0;0;12;1;0;8;1;0;0;0;0;0;0;8;0;1;0;0;0;0;35;0;0;0;0;0;0;0;0;0;0;0;0;0;0;1;0;7;4;0;0;0;0;0;0;0;21;9;0;0;0;20;0;0;0;1;6;0;0;0;0;0;0;0;0;1;0;0;0;0;0;0;0;0;0;0;0;2;0;0;0;0;0;1;0;0;0;0;0;0;0;0;10;0;2;1;0;0;0;0;0;0;0;0;0;0;0;3;0;0;0;0;0;2;0;0;0;0;0;0;0;1;0;0;2;0;0;0;0;34;0;0;0;0;0
153;2964,23;2566,69;3450,97;0;0;0;0;0;0;136;0;0;0;1;0;12;0;0;92;0;0;0;0;0;0;0;0;0;0;0;0;0;15;0;0;0;0;50;0;0;0;35;1;14;3;0;0;0;0;0;0;0;0;0;0;0;0;5;0;0;0;0;31;0;24;0;0;2;2;3;5;0;0;0;0;0;0;0;0;0;4;0;0;1;0;0;0;27;0;0;0;0;0;0;0;0;0;0;0;0;0;0;0;2;17;2;0;0;0;0;0;0;0;23;27;5;0;0;12;0;0;0;0;3;1;0;0;0;1;0;2;0;1;0;0;0;0;2;0;0;0;0;0;0;0;0;0;0;0;0;1;0;0;0;0;0;0;0;0;11;0;24;0;0;0;0;0;0;2;0;0;0;0;4;0;0;1;0;0;0;0;0;0;0;1;0;0;0;0;0;5;0;0;0;0;0;31;0;0;0;0;0
155;2989,22;2572,47;3506,82;0;0;0;0;0;0;129;0;0;0;0;0;7;26;0;72;0;0;0;0;0;2;0;0;0;0;0;6;0;26;0;0;0;0;60;1;0;0;40;0;0;0;0;0;0;0;0;0;0;0;0;0;4;0;3;0;0;0;0;61;0;24;0;0;11;0;0;10;1;11;1;0;0;0;1;0;0;22;0;0;0;0;0;0;30;0;0;0;0;0;0;0;0;1;0;0;0;0;0;0;3;3;0;0;2;0;0;0;0;0;8;19;0;0;0;30;0;0;0;0;0;1;0;0;0;1;0;0;0;15;0;0;0;0;9;0;1;0;0;0;0;0;0;0;0;0;0;0;0;0;0;0;0;0;0;0;9;0;4;0;0;1;1;2;0;3;0;0;0;0;9;0;0;0;0;0;0;0;2;0;0;1;0;2;0;0;2;0;0;0;0;0;0;44;0;0;0;0;0
157;3000,85;2575,00;3531,69;0;0;0;0;0;0;44;0;0;0;2;0;0;1;0;34;0;0;0;0;0;0;0;0;0;0;0;0;0;7;0;0;0;0;7;0;0;0;16;1;5;1;0;0;0;0;0;0;0;0;0;0;1;0;0;1;0;0;0;11;0;5;0;0;1;2;0;1;0;0;0;0;0;0;0;0;0;1;0;0;0;0;0;0;24;0;0;0;0;0;0;0;0;0;1;0;0;0;0;0;0;0;2;0;0;1;0;1;1;0;5;13;2;0;0;5;0;1;0;0;0;8;0;0;0;0;0;0;0;6;0;0;0;0;0;0;0;0;0;0;0;0;0;0;0;0;0;0;0;0;0;0;0;0;0;0;0;0;38;4;0;0;0;0;0;0;0;0;0;0;6;0;0;0;0;0;0;0;0;0;0;0;0;0;0;0;0;0;0;0;0;0;0;17;0;0;0;0;0
158;3009,19;2576,72;3549,52;0;0;0;0;0;0;150;0;0;0;1;0;0;17;0;51;0;0;0;0;0;0;0;0;1;0;0;1;0;21;0;0;0;0;76;5;0;0;18;0;10;0;0;3;0;0;0;0;0;0;0;0;0;0;5;0;0;0;0;19;0;12;0;0;22;0;0;6;0;1;0;0;0;0;0;0;0;21;0;0;0;0;0;0;25;0;0;0;0;0;0;0;0;2;0;0;0;0;0;0;0;0;0;16;0;1;0;0;3;0;14;7;9;0;0;37;1;0;0;0;0;0;0;0;0;0;0;0;0;9;0;0;0;0;3;0;0;2;0;0;0;0;0;0;0;0;0;0;0;0;0;1;0;0;2;0;5;0;0;0;0;0;0;0;0;0;0;0;0;0;7;3;0;0;0;0;0;0;6;0;0;0;0;0;0;0;0;0;0;0;0;0;0;54;0;0;0;0;0
160;3032,36;2581,16;3600,55;0;0;0;0;0;0;108;0;0;0;0;0;2;15;0;60;0;0;0;0;1;0;0;0;0;3;0;0;0;18;0;0;0;0;43;6;0;0;30;1;0;1;0;0;0;0;2;0;0;0;0;0;0;0;2;0;0;0;0;53;0;20;0;0;1;0;0;3;0;3;1;0;0;0;1;0;0;11;0;0;0;0;0;0;37;0;0;0;0;1;0;0;0;3;0;0;0;0;0;1;0;0;0;14;0;2;0;0;1;1;10;10;6;0;1;30;0;1;0;0;1;0;0;0;0;0;0;3;1;3;0;0;0;0;0;0;1;0;0;0;0;0;0;0;0;0;0;0;0;0;0;0;0;0;1;0;19;0;5;2;0;0;0;0;0;0;0;0;0;0;0;2;0;0;0;0;0;0;3;0;0;0;0;0;0;1;0;2;0;0;0;0;0;22;0;0;0;0;0
162;3052,50;2584,33;3642,38;0;0;0;0;0;0;107;0;0;0;5;1;3;32;0;31;0;0;0;0;5;0;0;1;0;0;0;3;0;24;0;0;1;2;62;1;0;0;27;0;0;5;0;6;0;0;0;0;0;0;0;0;0;0;1;0;0;0;0;28;21;0;0;0;23;0;0;1;4;1;0;0;1;0;0;0;0;5;0;0;0;0;0;0;19;0;0;0;0;0;0;0;0;0;1;0;0;0;0;1;0;0;0;7;0;5;0;0;0;0;5;7;1;0;0;27;0;0;0;0;0;4;0;0;0;0;0;0;0;16;1;0;0;0;3;0;0;2;0;0;0;0;0;0;0;0;0;5;0;0;0;0;0;0;0;3;130;1;0;0;0;1;1;0;0;0;0;0;0;0;0;1;0;0;0;1;0;0;0;0;0;0;1;0;5;1;4;0;0;0;0;0;0;35;0;0;0;0;0
163;3061,87;2585,71;3663,10;0;0;0;0;0;0;137;0;0;0;1;0;0;35;0;54;4;0;0;0;1;0;0;0;0;0;0;12;0;19;0;0;0;0;51;3;0;0;15;0;0;0;0;1;0;0;0;0;0;0;0;0;0;0;3;1;0;0;0;15;2;20;0;0;10;0;0;0;2;1;3;0;1;0;0;0;0;9;1;0;0;0;0;0;24;0;0;0;0;0;0;0;0;1;0;0;0;0;0;0;5;0;2;13;0;8;0;0;0;0;7;27;9;0;0;27;1;1;0;0;4;0;0;0;0;0;0;0;0;5;0;0;0;0;13;0;0;0;0;0;1;0;0;0;0;0;0;1;0;0;0;1;0;0;0;0;23;0;1;0;0;0;0;0;0;1;0;1;0;0;0;1;0;0;0;0;0;0;1;0;0;0;0;0;0;1;1;0;2;0;0;0;0;51;0;0;0;0;0
164;3069,14;2586,47;3676,90;0;0;1;0;0;0;95;0;0;0;0;0;12;22;0;40;0;0;0;0;0;0;0;0;0;5;0;1;0;12;0;0;0;0;59;1;0;0;19;0;1;0;0;0;0;0;0;0;0;0;0;0;2;0;0;0;0;0;0;31;0;20;0;0;10;0;0;4;0;1;0;0;1;0;0;0;0;9;0;0;0;0;0;0;13;0;0;0;0;1;0;0;0;0;1;0;0;0;0;1;0;9;0;0;0;1;0;1;0;0;6;5;1;0;0;14;3;0;0;0;1;0;0;0;0;0;0;7;0;15;0;0;0;0;0;1;0;1;0;0;0;0;0;0;0;0;0;0;0;0;0;0;0;0;13;21;118;0;0;1;0;0;0;0;0;3;0;0;0;0;0;20;0;0;0;0;0;0;4;0;0;0;1;0;0;0;4;2;0;0;2;0;0;20;0;0;0;0;0
167;3100,29;2591,24;3748,03;0;0;0;0;0;0;126;0;0;0;0;0;9;6;0;104;0;0;0;0;1;0;0;1;0;0;0;5;0;20;0;0;0;0;69;1;0;0;18;1;4;1;0;1;0;0;1;0;0;0;0;1;0;0;0;0;0;0;0;63;0;19;0;0;4;1;0;1;5;5;5;0;0;0;0;0;0;10;0;0;0;0;0;0;15;0;0;0;0;3;0;0;0;0;1;0;0;0;0;0;0;3;0;1;0;3;0;0;0;0;12;15;12;0;0;18;0;0;0;1;0;5;0;0;0;0;0;0;0;9;0;0;0;0;3;0;0;2;0;0;0;0;0;0;0;0;0;1;0;0;0;0;0;0;1;0;5;1;0;0;0;0;0;0;0;0;0;1;0;0;0;0;0;0;0;0;0;0;2;0;0;0;0;0;0;5;3;0;1;0;0;0;0;17;0;0;0;0;0
169;3117,73;2595,09;3790,24;0;0;0;0;0;0;111;0;0;0;3;0;12;52;0;56;0;0;0;0;1;0;0;0;0;0;0;3;0;14;0;0;0;0;95;5;0;0;44;0;0;1;0;0;0;0;3;0;0;0;0;0;0;0;0;0;0;0;0;38;0;16;0;0;19;3;0;9;1;1;0;0;0;0;0;0;0;21;0;0;0;0;0;0;57;0;0;0;0;5;0;0;0;0;0;0;0;0;0;1;0;3;3;0;0;12;0;0;3;0;6;19;1;0;0;47;0;1;0;0;0;1;0;0;0;0;0;1;0;26;0;0;0;0;1;0;0;0;0;0;0;0;0;0;0;0;0;1;0;0;0;0;0;0;0;0;0;1;3;0;4;0;0;0;2;0;0;0;0;0;0;3;0;0;0;5;0;0;5;0;0;0;2;0;0;0;0;0;0;0;0;0;0;31;0;0;0;0;0
170;3128,41;2597,11;3817,76;0;0;0;0;0;0;127;0;0;0;0;0;13;15;0;68;0;0;0;0;0;0;0;0;0;0;1;0;0;9;0;0;0;0;74;1;0;0;42;0;0;1;0;0;0;0;3;0;0;0;0;0;0;0;5;0;0;0;0;42;0;20;0;0;22;0;0;0;2;0;1;0;0;0;0;0;0;10;0;0;0;0;0;0;34;0;0;0;0;1;0;0;0;1;0;0;0;0;0;3;0;5;0;14;0;5;0;0;2;0;17;17;1;0;0;21;0;0;0;0;0;0;0;0;0;0;0;0;0;7;1;0;0;0;4;3;0;0;0;0;0;0;0;0;0;0;0;2;0;0;0;3;0;0;3;0;5;0;0;0;0;0;0;1;0;0;0;0;0;0;5;1;0;0;0;0;0;2;4;0;0;0;0;2;0;0;0;3;0;0;0;0;0;33;0;0;0;0;0
173;3156,17;2603,92;3887,67;0;0;0;0;0;0;117;0;0;0;0;0;0;2;0;46;0;0;0;3;0;2;0;0;1;0;0;1;0;18;0;0;0;0;44;0;0;0;7;0;0;0;0;1;0;0;1;0;0;0;0;0;0;0;0;0;0;0;0;30;0;10;0;0;9;3;0;0;1;7;0;0;0;0;0;0;0;15;0;0;0;0;0;0;30;0;0;0;0;0;0;0;3;1;0;0;0;0;0;0;1;1;0;15;0;1;0;0;2;0;13;15;6;0;0;45;0;0;0;0;0;0;0;0;0;0;0;0;0;4;0;0;0;0;8;4;0;0;0;0;0;0;0;0;0;0;0;1;0;0;0;0;0;0;0;0;2;0;3;1;0;0;0;0;0;0;1;0;0;0;1;0;0;0;0;0;0;0;1;0;0;0;0;0;0;0;0;0;0;0;0;0;0;39;0;0;0;0;0
175;3176,13;2608,98;3935,72;0;0;0;0;0;0;150;0;0;0;1;0;9;4;0;51;0;0;0;0;0;1;0;0;0;0;0;1;0;19;0;0;0;0;39;1;0;0;9;0;0;1;0;5;0;0;1;0;0;0;0;0;0;0;1;0;0;0;0;29;0;14;0;0;6;0;0;2;1;5;0;0;0;0;0;0;0;14;0;0;0;0;0;3;32;0;0;0;1;1;0;0;1;8;0;0;0;0;0;0;0;3;0;19;0;6;0;0;0;1;13;13;3;0;0;25;1;0;0;0;1;0;0;0;0;0;0;0;0;7;0;0;0;0;7;0;0;0;0;0;0;0;0;0;0;0;0;0;0;0;0;1;0;1;0;0;8;0;0;0;1;0;1;1;0;0;0;0;1;0;5;5;0;1;0;0;0;0;1;0;1;0;3;0;0;0;0;3;0;0;0;0;0;16;0;0;0;0;0
177;3200,89;2615,14;3995,61;0;0;0;0;0;0;148;0;0;0;0;0;3;14;0;59;1;0;0;0;0;0;0;0;0;0;0;3;0;16;0;0;0;0;36;0;0;0;13;0;1;0;0;0;0;0;0;0;0;0;0;0;1;0;0;0;0;0;0;32;5;6;0;0;5;0;0;4;0;0;0;4;0;0;0;0;0;5;0;0;0;0;0;0;47;0;0;0;1;1;0;0;0;7;0;0;0;0;0;0;0;3;0;2;0;1;0;0;0;3;21;10;5;0;0;32;1;0;0;0;0;0;0;0;0;0;0;0;0;6;1;0;0;0;0;0;0;0;1;0;0;0;0;0;0;0;8;0;0;0;0;0;0;0;2;0;2;0;1;1;0;0;0;0;0;0;0;0;0;0;5;6;0;0;0;0;0;0;2;0;0;0;0;0;0;0;0;1;1;0;0;0;0;13;0;0;0;0;0
178;3209,57;2617,00;4016,64;0;0;0;0;0;0;105;0;0;0;0;0;8;3;0;91;0;0;1;0;3;0;0;0;1;0;0;4;0;17;0;0;0;0;72;1;0;0;17;0;1;0;0;0;0;0;0;0;0;0;0;0;0;0;0;0;0;0;1;40;0;11;0;0;10;0;0;0;2;0;1;5;0;0;0;0;0;5;0;0;0;0;0;1;33;0;0;0;0;0;0;0;0;1;0;0;0;0;0;0;0;8;8;10;0;5;0;0;8;1;15;16;1;0;0;11;0;1;0;0;0;6;0;0;0;0;0;0;0;5;0;0;0;0;1;0;0;2;0;0;0;2;0;0;0;0;0;0;0;0;0;2;0;0;0;0;0;0;3;3;0;0;0;1;0;0;0;0;0;0;0;2;0;0;0;0;0;0;0;0;1;0;4;2;0;0;0;3;3;0;0;0;0;25;0;0;0;0;0
