"","Achanthes.hungarica","Achanthes.zeigleri","Achnanthes.spp","Achnanthidium.exiguum","Achnanthidium.minutissimum.var.minutissima","Adlafia.bryophila","Amphora.coffeaeformis","Amphora.inarensis","Amphora.ovalis","Amphora.pediculus","Amphora.spp","Amphora.veneta","Aulacoseira.granulata","Aulacoseira.spp","Brachysira.vitrea","Caloneis.bacillum","Cavinula.pseudoscutiformis","Cocconeis.diminuta","Cocconeis.placentula.var.placentula","Cocconeis.titicaensis","Craticula.halophila","Craticula.subminuscula","Cyclostephanos.andinus","Cyclotella.meneghiniana","Cymatopleura.solea","Cymbella.aspera","Cymbella.cymbiformis.cystula","Cymbella.tumida","Denticula.elegans","Denticula.kuetzingii","Denticula.sp.1","Diatoma.mesodon","Diatoma.moniliformis","Diatoma.vulgaris","Diploneis.subovalis","Discostella.stelligera","Encyonema.alpinum","Encyonema.evergladianum","Encyonema.minutum","Encyonema.neogracile","Encyonema.silesiacum","Encyonema.sp.1","Encyonema.tenuissimum","Encyonopsis.angusta","Encyonopsis.descripta","Encyonopsis.falaisensis","Encyonopsis.microcephala","Encyonopsis.spp","Encyonopsis.subminuta","Eolimna.minima","Epithemia.adnata","Epithemia.argus","Epithemia.sorex","Epithemia.spp","Epithemia.turgida","Eunotia.bilunatum","Eunotia.spp","Fistulifera.pelliculosa","Fragilaria.capucina","Fragilaria.capucina.var.gracilis","Fragilaria.capucina.var.septentrionalis","Fragilaria.crotonensis","Fragilaria.fonticola","Fragilaria.spp","Fragilaria.vaucheriae","Fragilariforma.virescens","Frankophila.similioides","Frustulia.spp","Frustulia.vulgaris","Geissleria.modica","Gomphonema..pumilum","Gomphonema.acuminatum","Gomphonema.angustatum","Gomphonema.gracile","Gomphonema.minutum","Gomphonema.parvulum","Gomphonema.pseudoaugur","Gomphonema.spp","Gomphonema.truncatum","Hannaea.arcus","Hantzschia.amphioxys","Hantzschia.elongata","Hyppodonta.capitata","Melosira.varians","Navicula.capitatoradiata","Navicula.cincta","Navicula.cryptocephala","Navicula.cryptotenella","Navicula.diluviana","Navicula.erifuga","Navicula.gregaria","Navicula.laterorostrata","Navicula.margalithii","Navicula.menisculus","Navicula.porifera.var.opportuna","Navicula.radiosa","Navicula.radiosafallax","Navicula.spp","Navicula.tripunctata","Navicula.veneta","Navicymbula.pusilla","Neidium.ampliatum","Neidium.bisulcatum","Nitzschia.aequorea","Nitzschia.amphibia","Nitzschia.archibaldii","Nitzschia.dissipata","Nitzschia.fonticola","Nitzschia.frustulum","Nitzschia.holsatica","Nitzschia.incognita","Nitzschia.inconspicua","Nitzschia.lacuum","Nitzschia.liebertruthii","Nitzschia.linearis","Nitzschia.microcephala","Nitzschia.modesta","Nitzschia.palea","Nitzschia.paleacea","Nitzschia.perminuta","Nitzschia.pumila","Nitzschia.pusilla","Nitzschia.rostellata","Nitzschia.sigma","Nitzschia.sigmoidea","Nitzschia.solita","Nitzschia.spp","Nitzschia.supralitorea","Odontidium.hyemale","Pinnularia.borealis","Pinnularia.microstauron","Pinnularia.obscura","Pinnularia.spp","Pinnularia.viridis","Placoneis.elginesis","Placoneis.gastrum","Placoneis.spp","Planothidium.delicatulum","Planothidium.distinctum","Planothidium.lanceolatum","Psammothidium.chlidanos","Psammothidium.marginulatum","Pseudostaurosira.brevistriata","Pseudostaurosira.pseudoconstruens","Pseudostaurosira.spp","Pseudostaurosira.subsalina","Pseudostaurosira.zeilleri","Reimeria.sinuata","Rhopalodia.gibba","Sellaphora.pupula","Sellaphora.seminulum","Sellaphora.spp","Sellaphora.submuralis","Sellaphora.subrotundata","Sellaphora.vitabunda","Stauroneis.spp","Staurosira.construens","Staurosira.construens.var.exigua","Staurosira.construens.var.triundulata","Staurosira.construens.var.venter","Staurosira.spp","Staurosirella.leptostauron","Staurosirella.pinnata","Surirella.angusta","Surirella.spp","Synedra.acus","Synedra.rumpens","Tabellaria.flocculosa","Tabellaria.tabulata","Ulnaria.delicatissima","Ulnaria.delicatissima.var.angustissima","Ulnaria.ulna"
"JunnPln_HgpCv,in",0,0,0,0,13.2029339853301,0,0,0,0,0,0,0,0,0.488997555012225,0.488997555012225,0.97799511002445,0.244498777506112,0,15.6479217603912,0,0,0,0,0,0,0,0,0,0,0,0.488997555012225,0.488997555012225,0,0,0,0,0,0,6.11246943765281,0.733496332518337,0,0.244498777506112,0,0,0,0,0.488997555012225,0,0,0,0,0,0,0,0,0,0.244498777506112,0,0,0,0,0,0,0,0,0,0,0,0,0,0,0,0,0,0,0,0,0,0.488997555012225,0,0,0,0,0,0,0,0,0,0,0,0,0,0,0,0,0,0,0.488997555012225,0,0,0,0,0,0,0,0,0,0,0,0,0,0,0,0,0,0,0,0,0,0,0,0,0,0,0,0,0,0,0,0,0,0.488997555012225,0,0,0,0,0,0,0,14.9144254278729,0,0,0,0,0,0,0,0,0,0,24.6943765281174,0,0,0,0,0,0,0,0,0.244498777506112,0,0,0,0,0,0,0,17.6039119804401,0,0,0,1.22249388753056
"JunnPln_HgpCv,ot",0,0,0,0,17.4061433447099,0,1.70648464163823,0,0,0,0,2.55972696245734,0,0,0,0,0,0,7.33788395904437,0,0,0,0,0,0,0,0,0,0,0,0,41.8088737201365,0,0,0,0,0,0,0.853242320819113,0,0,0,0,0,0,0,0,0,0,0,0,0,0,0,0,0,0.170648464163823,0,0,0,0,0,0,0,0,0,0,0,0,0,0,0,2.38907849829352,0,0,0,0,0.511945392491468,0,0,0,0,0,0,0,0,0,0,0,0,0,0,0,0,0,0,0.341296928327645,0.853242320819113,0,0,0,0,0,0,0,9.04436860068259,0,0,0,0,0,0,0,0,0,0,0,0,0,0,0,0,0,0,0,0,0,0,0,0,0,0,0,0,0,0,0,0,0,1.36518771331058,0,0,0,0,0,0,0,0,0,0,11.9453924914676,0,0,0,0,0,0,0,0,0,0,0,0,0,0,0,0,1.70648464163823,0,0,0,0
"JunnPln_J11,GK251",0,0,0,0,51.8867924528302,0,0,0,0,0,0,0,0,0,0,0,0,0,4.15094339622642,0,0,0,0,0,0,0,0,0,0,0.377358490566038,0.188679245283019,0,0,8.67924528301887,0,0,0,0,0,0,0,0,0,0,0,0,0,0,0,0,0,0,0,0,0,0,0,0,0.188679245283019,0,0,0,0,0,3.0188679245283,0,0,0,0,0,0,0,0.377358490566038,0,0,5.47169811320755,0,0,0,0,0,0,0,0,0,0,0,0,0,0,0,0,1.50943396226415,0,0,0,0,0.188679245283019,0,0,0,0,0,0,0,8.86792452830189,0,1.13207547169811,0.188679245283019,0,0,0,0,0.754716981132076,0,0,0,0.754716981132076,0.754716981132076,0,0,0.566037735849057,0,0,0,0,0.188679245283019,0,0,0,0,0,0,0,0,0,0,0,0,5.47169811320755,0.377358490566038,0,0,0,0,0.566037735849057,0,0,0,0,0,0,0,0,0,0,0,0,0,3.58490566037736,0.188679245283019,0,0.188679245283019,0,0,0,0.188679245283019,0,0,0,0,0.188679245283019
"JunnPln_J11,GK252",0,0,0,0,30.0724637681159,0,0,0,0,0.72463768115942,0,0,0.181159420289855,0,0,0,0,0,4.89130434782609,0,0,0,0,0,0,0,0,0,0,0.36231884057971,0,0,0,0,0,0,0,0,0,0,0,0,0,0,0,0,0,0,0,0.72463768115942,0,0,0,0,0,0,0,0.72463768115942,0.36231884057971,0,0,0,0,0,0.181159420289855,0,0,0,0,0,0,0,0.543478260869565,0,0,1.81159420289855,0,0.36231884057971,0,0,0,0,0,0,0,0,0.36231884057971,0,0,0,0,0,0.36231884057971,1.44927536231884,0,0,0,0,0,0,0,0,0,0,0,0.905797101449275,0,0.543478260869565,0.36231884057971,0,0,0,0,1.6304347826087,0,0,0,1.26811594202899,0.36231884057971,0.905797101449275,0,0,0,0,0,0,1.81159420289855,0,0,0,0,0,0,0,0.181159420289855,0,0,0,0,7.78985507246377,1.08695652173913,0,0,0,0,0,0,1.08695652173913,0,0,0.72463768115942,0,0,0,0.181159420289855,0,0,0,0,18.6594202898551,12.8623188405797,0.543478260869565,4.89130434782609,0,0,0,0.36231884057971,0,0,0,0,0.72463768115942
"JunnPln_J11,GK253",0,0,0,0,48.5651214128035,0,0,0,0,0,0,0,0,0,0,0,0,0,3.97350993377483,0,0,0,0,0,0,0,0,0,0,0.441501103752759,0,0,0,0,0,0,0,0,0,0,0,0,0,0,0,0.22075055187638,0,0.22075055187638,0,0.883002207505519,0,0,0,0,0,0,0,0,0,0,0,0,0,0,0.22075055187638,0,0,0,0,0,0,0,0,0,0.883002207505519,0,0,0.883002207505519,0,0,0,0,0,0,0,0,0,0,0,0,0,0,0,0,0,0,0,0,0,0,0,0,0,0,0,0,0,0,0,0,0,0,0,0.441501103752759,0,0,0,0,0,0,0,0,0,0,0,0,0,0,0,0,0,0,0,0,0,0,0,0,0,7.50551876379691,1.1037527593819,0,0,0,0,0,0,25.60706401766,0,0,1.98675496688742,0,0,0,0,0,0,0,0,5.07726269315673,0,0,1.32450331125828,0,0,0,0,0,0,0,0,0.662251655629139
"JunnPln_J13,Qd.A1",0,0,0,0,51.4792899408284,0,0,0,0,0,0,0,0,0,0,0,0,0,2.16962524654832,0,0,0,0,0,0,0,1.18343195266272,0,0,0,0,0,0,0,0,0,0,0,0.394477317554241,0,2.76134122287968,0,0,0,0,0,0,0,0.19723865877712,0.394477317554241,0,0,0,0,0,0,0,0,2.9585798816568,0,0,0,0,0,1.18343195266272,0,0,0,0,0,0,0,0,0,0,6.31163708086785,0,0.394477317554241,0.788954635108481,0,0,0,0,0,0.591715976331361,0,0,0.394477317554241,0,0,0,0,0,0,0,0,0,0,0,0,0,0,0,0,0,9.07297830374753,0,0,0,0,0,0.394477317554241,0,0,0,0,0,2.36686390532544,0,3.74753451676529,0,0,0,0,0,0,0,0,0,0,0,0,0,0,0,0,0,0,0,0.394477317554241,0,0,0.19723865877712,0,0,0.394477317554241,0,0,0,0.19723865877712,0,0,0,0,0,0,0,0,0,0,0,0.19723865877712,0,0,0,0.591715976331361,0,0,0,0,0,11.2426035502959
"JunnPln_Jn10,TdS1",0,0,0.432900432900433,0,61.9047619047619,0,0,0,0,0,0,0.432900432900433,0,0,0,0,0,0,3.03030303030303,0,0,0,0,0,0,0,0.432900432900433,0,0,0,0,0,0,0,0,0,0,0,2.38095238095238,0,5.41125541125541,0,0,0,0,0,0,0,0,0.432900432900433,0,0,0,0,0,0,0,0,0,0,0,0,0,0,2.38095238095238,0.216450216450216,0,0,0,0,0,0,0,0,0,0.432900432900433,0,0,0,0,0,0,0,0,0.649350649350649,0,0,0,0,0,0,0,0,0,0,0,0,0,0,0.216450216450216,0,0,0,0,0,0.865800865800866,0,0,0.432900432900433,0,0,0,0,0.649350649350649,0,0,0,0,0,0,0,0,0,0,0,0,0,0,0,0,0,0,0.432900432900433,0,0,0,0,0,0,0.216450216450216,2.5974025974026,0,0,0,0,1.51515151515152,0,0,0,0,0.649350649350649,0,0,0,0,0,0,0,0,0.432900432900433,4.54545454545455,0.432900432900433,0,0,0,1.94805194805195,2.5974025974026,0,0,0,0.216450216450216,4.11255411255411
"JunnPln_Jn10,TdS2",0,0,0,0,18.3216783216783,0,0,0,0,0,0,0.41958041958042,0,0,0,0,0,0,0.13986013986014,0,0,0,0,0,0,0,0.27972027972028,0,0.27972027972028,0.41958041958042,0,0,0,0,0,0,0,0,1.25874125874126,0,2.51748251748252,0,0.27972027972028,0,0,0,0,0.41958041958042,0,0.559440559440559,0,0,0,0,0,0,0,0,0.13986013986014,0,0,0,0,0,1.81818181818182,1.95804195804196,0,0,0,0,0,0,0,0,0,0.13986013986014,0,0.41958041958042,0.41958041958042,0,0,0,0,0,0.13986013986014,0,0,0,0,0,0,0,0,0,0,0,0,0,0,0,0,0,0,0,0,0.41958041958042,0,0,0,0,0,0,0,0,0,0,0,0,0,0,0,0,0,0,0,0,0.13986013986014,0,0,0,0,0,0,0,0,0,0,0,0,1.11888111888112,0,0,0,0,0,8.11188811188811,0,0.13986013986014,0,0,0,0,0,0,0,0,0,0,0,3.77622377622378,37.0629370629371,3.21678321678322,0.13986013986014,0,0,0.699300699300699,2.51748251748252,0,0,0,0,12.7272727272727
"JunnPln_Jn14,PR.1",0,0,0,0,10.8352144469526,0,0,0,0,0,0,0,0,0,0,0,0,0,2.25733634311512,0,0,0,0,0,0,0,0.225733634311512,0,0,0,0,0,0.451467268623025,17.607223476298,0,0,0,0,0,0,4.51467268623025,0,0,0,0,0,0,0,0,0,0,0,0,0,0,0,0,0,10.8352144469526,0,0,0,0,0,0,0,0,0,0,0,0,0,0,0,13.7697516930023,1.58013544018059,0,0,0,0,0,0,0,0,0,0,0,0,0,0,0,0,0,0,0,0,0,0,0,0,0,0,0,0,0,15.5756207674944,0,0,0,0,0,0,0,0,0,0,0,0,0,0,0.451467268623025,0,0,0,0,0,0,0,0,0,0,0,0,0,0,0,0,0,0,0,0,0,0,0,0,0,0,0,0,0,0,0,0,0,0,0,0,0,0,0,0,0,0,0,0,0.451467268623025,0,0,0,0,0.451467268623025,20.9932279909707
"JunnPln_Jn7,SPdP1",0,0,0,0,13.0801687763713,0,0,0,0,0,0,0.843881856540084,0,0,0,1.05485232067511,0,0,1.47679324894515,0,0,0,0,0,0,0,0.210970464135021,0,0,4.43037974683544,1.89873417721519,0,0,0,0.421940928270042,0,0,0,0,0,0,0,0,0,0,0,0,0,0.421940928270042,0,0,0,0,0.843881856540084,0,0,0,0,0.421940928270042,0,0,0,0,0,0.421940928270042,0,0,0.421940928270042,0,0,0,0.210970464135021,0.421940928270042,0,0,0.421940928270042,0,1.26582278481013,1.26582278481013,0,0,0,0,0,1.05485232067511,0,0,0,0,0,0,0,0,0,0,0,0,0.421940928270042,0,0,0,0,0,0,0,4.64135021097046,0,0,0.421940928270042,0,0,0,0,10.337552742616,0,0,0,0.421940928270042,0,0.210970464135021,0,0,0,0,0,0.421940928270042,0,0,0,0,0,0,0.843881856540084,0,0,0,0,0,0,0.210970464135021,0,0,0,0,0,0,0,0,0.843881856540084,0,0,0,0,0,0,0,0,0,0,24.2616033755274,8.64978902953587,0,2.32067510548523,0,0,0,0,0,0,0,0,15.4008438818565
"JunnPln_Jnn1,CR.1",0,0,0,0,23.8235294117647,0,0,0,0,0,0,0,0,0,0,0,0,0,31.3235294117647,0,0,0,0,0,0,0,0,0,0,0,0,0,0,0.147058823529412,0,0,0,0,0,0,0.147058823529412,0,0,0,0,0,0,0,0,0,0,0,0,0,0,0,0,0,0,0.588235294117647,0,0,0,0,1.17647058823529,0,0,0,0,0,0,0.147058823529412,0.147058823529412,0,0,0,0,0,0.147058823529412,0,0,0,0,0,0,0,0,0,0,0,0,0,5.58823529411765,0,0,0.294117647058824,0,0.441176470588235,0,0,0,0,0,0,0,0,0,0,0,0.147058823529412,0,0,0,0,0,0,0,0,0,0.294117647058824,0,0,0,0,0.882352941176471,0,0,0,0,0,0,0,0,0,0,0,0.882352941176471,0,0,0.294117647058824,0,0,0,0,0,0,0,0,0,0,0.588235294117647,0,0,0,0.441176470588235,0,0,0,0,0.735294117647059,28.3823529411765,0,0.294117647058824,0,0,0,0,0,0,0,0,3.08823529411765
"JunnPln_Jnn12,Ch1",0,0,0,0,13.0641330166271,0,0,0,0,0,0.950118764845606,0,0,0,0,0,0,0,65.3206650831354,0,0,0,0,0,0,0,0,0,0,0,0,0,0,0,0,0,0,0,1.66270783847981,0,0.475059382422803,0,0,0,0,0,0,0,0,0,0,0,0.475059382422803,0,0,0,0,0,0,0,0,0,0,0,0,0,0,0,0,0,0.475059382422803,0,0,0,4.98812351543943,0.950118764845606,0,0.475059382422803,0,0.237529691211401,0,0,0,0,0.712589073634204,0,0,0,0,0,0,0,0,0,0,0,0,0,0.237529691211401,0,0,0,0,0,0,0,0,0,0.475059382422803,0,0,0,0,0.475059382422803,0,0,0,0,0,0,0,0,0,0,0,0,0,0,0,0,0,0,0,0,0,0,0,0,0,0.950118764845606,0,0,0,0,0,0,0,6.17577197149644,0,0,0,0,0,0,0,0,0,0,0,0,1.90023752969121,0,0,0,0,0,0,0,0,0,0,0
"JunnPln_Jnn2,Wrs1",0,0,0,0,3.35820895522388,0,0,1.49253731343284,0,3.98009950248756,0,1.86567164179104,0,0,0,0.248756218905473,0,0,0.248756218905473,0,0,0,0,0,0,0,0,0,0,0,0,0,0,0,0,0,0,0,0,0,0,0,0,0,0,0,0,0,0,0,0,0,0,0,0,0,0,0,0,0,1.24378109452736,0,0,0,0.124378109452736,0,0,0,0,0,0,0,1.24378109452736,0,0,0.497512437810945,0,0,0,0,0,0,0,0,0,0,0,0,0.124378109452736,0.497512437810945,0,0,0.248756218905473,0,0,0,0,0,0,0.248756218905473,0,0,0,1.49253731343284,0.497512437810945,0,0.124378109452736,0,1.49253731343284,0.497512437810945,0,0,0,1.24378109452736,0,0,0,0,0,1.24378109452736,0.248756218905473,0,0,0,0,0,0.621890547263682,3.73134328358209,0,0,0,0,0,0,0,0,1.24378109452736,0,0,6.59203980099503,0,0,0,0,0,0.746268656716418,2.7363184079602,0,0,0,2.11442786069652,0,0,0,0,0,0,0,0,20.5223880597015,35.0746268656716,0,0,0,0,0,0,0,0,0,0,4.35323383084577
"JunnPln_Jnn2,Wrs2",0,0,0,0,12.9032258064516,0,0,0.537634408602151,0,3.36021505376344,0,0.268817204301075,0,0,0,0,0,0,0.134408602150538,0,0,0,0,0,0,0,0,0,0,0,0,0,0,0.134408602150538,0,0,0,0,0,0,0,0,0,0,0,0,0,0,0,0,0,0,0,0,0,0,0,0,0,0,0.403225806451613,0,0,0,0,0,0,0,0,0,0,0,0.268817204301075,0,0,1.88172043010753,0,0,0,0,0,0,0,0.537634408602151,0,0,0,0,0,0,0,0,0,2.41935483870968,0,0,0,0,0,0.268817204301075,0,0,0,0,0,0,3.49462365591398,7.52688172043011,0,0.806451612903226,0,0.940860215053763,0,1.0752688172043,0,0.806451612903226,4.3010752688172,9.81182795698925,0.134408602150538,0,1.0752688172043,0,0,0,0,0,0,0,0,0,0,0,0,0,0,0,0,0,0,5.91397849462366,7.52688172043011,0,0,0,0,0,0,0,0,0,0,0,0,0,0,0,0,0,0,15.3225806451613,17.8763440860215,0,0,0.134408602150538,0,0,0,0,0,0,0,0.134408602150538
"JunnPln_Jnn2,Wrs3",0,0,0,0,1.97368421052632,0,0,0.43859649122807,0,14.2543859649123,0,0,0,0,0,0,0,0,0.219298245614035,0,0.657894736842105,0,0,0,0,0,0,0,0.43859649122807,0.43859649122807,0,0,0,0,0,0,0,0,0,0,0,0,0,0,0,0,0,0,0,0,0,0,0,0,0,0,0,0,0,0,0.219298245614035,0,0,0,0,0,0,0,0,0,0,0,0.219298245614035,0,0,1.53508771929825,0,0,0,0,0,0,0,0,0,0,0,0,0,0,0,0,0,16.2280701754386,0,0,0,0.87719298245614,0,1.09649122807018,0,0,0,0,0.43859649122807,0,0.219298245614035,0.87719298245614,0,0,0,1.31578947368421,0,0.657894736842105,0,0,0,0,0,0,0,0,0,0,0,0,0.87719298245614,0,0,0,0,0,0,0,0,0,0,1.09649122807018,0,17.7631578947368,5.26315789473684,0,0,0,0,7.23684210526316,4.82456140350877,0,0,0,0.87719298245614,0,0,0,0,0,0,0,0,7.89473684210526,11.6228070175439,0,0,0,0,0,0,0,0,0,0,0.43859649122807
"JunnPln_Jnn3,sp21",2.47191011235955,0,0,0,4.9438202247191,0,0.224719101123596,0,0,0.898876404494382,0,0.674157303370786,0,0,0,0,0,0,17.752808988764,0,0,0,0,0,0,0,0,0,0,0,0,0,0,0,0,0,0,0,0,0,0,0,0,0,0,0,0,0,0,2.69662921348315,0,0,0,0,0,0,0,0,0,0,0,0,0,0,0,0,0,0,0,0,0,0,0.449438202247191,0,0,35.2808988764045,0,0,0,0,0,0,0,0,0,0.449438202247191,0.674157303370786,0.674157303370786,0,0,0,0,0,0,0,0,0,0,0,0,0,0,0,0,0,0,0,0,0,0,0,0,0,0,0,0,0,0,0,0,0,0.449438202247191,0,0,0,0,0.449438202247191,0,0,0,0,0,0,0,0,0,0,0,2.24719101123596,20.8988764044944,2.69662921348315,0,0,0,0,0,0,0,0,0,0.898876404494382,0,0,0,0,0.674157303370786,0,0,0,0,0,0,0,0,0,0,2.47191011235955,0,0,0,0,2.02247191011236
"JunnPln_Jnn4,Ons1",0.449438202247191,0,0.449438202247191,0,6.06741573033708,0,0,0,0,0,0,0,0,0,0,0,0,0,0.674157303370786,0,0,0,0,0,0,0,0,0,0,0,0,83.1460674157303,0,0,0,0,0,0,0,0,0,0,0,0,0,0,0,0,0,1.57303370786517,0,0,0,0,0,0,0,0,0,0,0,0,0,0,0,0,0,0,0,0,0,0,0,0,0,0,0,0,0,0,0,0,0,0,0,0,0,0,0,0,0,0,0,0,0,0,0,0.449438202247191,0.898876404494382,0,0,0,0,0,0,0,0,0,0,0.449438202247191,0,0,0,0,0,0,0,0,0,0,0,0,0,0,0,0,0.449438202247191,0,0,0,0,0,0,0,0,0,0,0,0,4.49438202247191,0,0,0,0,0,0,0,0,0,0,0.449438202247191,0,0,0,0,0,0,0,0,0,0,0,0,0,0,0,0,0,0,0,0,0.449438202247191
"JunnPln_Jnn4,Ons2",0,0,1.27659574468085,0,88.7234042553192,0,0,0,0,0,0,0,0,0,0,0,0,0,0.425531914893617,0,0,0,0,0,0,0,0,0,0,0,0,1.27659574468085,0,0,0,0,0,0,0,0,0,0,0,0,0,0,0,0,0,0.851063829787234,0,0,0,0,0,0,0,0,0,0,0,0,0,0,0,0,0,0,0,0,0,0,0,0,0,0,0,0,0,0,0,0,0,0,0,0,0,0,0,0,0,0,0,0,0,0,0,0,0,0,0,0,0,0,0,0,0,0,0.212765957446809,0,0,2.12765957446809,0,0,0,0,0,0,0,0,0,0,0,0,0,0,0.851063829787234,0,0,0,0,0,0,0,0,0,0,0,0,3.61702127659574,0,0,0,0,0,0,0,0.638297872340425,0,0,0,0,0,0,0,0,0,0,0,0,0,0,0,0,0,0,0,0,0,0,0,0
"JunnPln_Jnn5,Cns1",0,0,0,0,8.00681431005111,0,0,0,0,0,0,6.47359454855196,0,0,0,0,0,0,0,0,0,0,0,0,0,0,0,0,0,52.4701873935264,0,0,0,0,0,0,0,0,0,0,0,0,0,0,0,0,0,0,2.72572402044293,0,0,0,0,0,0,0,0,0,0,0,0,0,0,0,0,0,0,0,0,0,0,0,0.170357751277683,0,0,0,0,0,0,0,0,0,0,0,0,0,0,0,0,0,0,0,0,0,0,0,0,0,0,0,0.340715502555366,0,0,0,0,0,0,0,0,0.681431005110733,0,0,0,0,0,0,0,0,0,0,6.98466780238501,0.340715502555366,0,0,0,0,0,0,0,0,0,0,0,0,0,0,0,0,0,0,0,0,0,0,0,0.340715502555366,3.23679727427598,0,0,0,0.681431005110733,0,0,0,0,0,0,0,0,0,4.94037478705281,0,0,0,0,0,0,0,0,0,0,12.6064735945486
"JunnPln_Jnn5,Cns2",0,0,0,0.164473684210526,3.45394736842105,0,1.80921052631579,1.64473684210526,0,19.7368421052632,0.657894736842105,4.76973684210526,0,0,0,0,0,0,1.48026315789474,0,0,0,0,0,0,0,0,0,0,8.22368421052632,0,0,0,0,0,0,0,0,0,0,0,0,0,0,0,0,0,0,0,0.328947368421053,0,0,0,0,0,0,0,0,0,0,0,0,0,0,0,0,0,0,0,0,0,0,0,0,0,0,0,0,0,0,0,0,0,0.822368421052632,0,0,0,0,0,0,0,0,0,0,0,0,0,0.328947368421053,0,2.13815789473684,0,0,0,0.328947368421053,0.164473684210526,0.328947368421053,0,0,0,0,0,0,0,0,0,0,0,2.96052631578947,0,0.822368421052632,0,0,0,0,0,0,0,0,0,0,0,0,0,0,0,0,0,0,0.328947368421053,5.09868421052632,0,0,0.328947368421053,0,0,3.45394736842105,4.27631578947368,0,0,0,0,0,0,0.822368421052632,0,0,0,0,0,3.28947368421053,26.6447368421053,0,0,0,0,0,0,0,1.97368421052632,0,0,3.61842105263158
"JunnPln_Jnn6,CR.1",0,0,0,0,10.9913793103448,0,0,0,0,0,0,0,0,0,0,0,0,0,17.8879310344828,0,0,0,0,0,0,0,0.431034482758621,0,0,0,0,0,0,3.87931034482759,0,0,0,0,0,0,0,0,0,0,0,0,0,0,0,0.431034482758621,0,0,2.58620689655172,0,0,0,0,0,6.89655172413793,0,0,0,0,0,0.862068965517241,0,0,0,0,0,0,0,0,0,0,1.50862068965517,0,0,0.646551724137931,0,0,0,0,0,10.9913793103448,0,0,2.37068965517241,0,0,0,0,5.17241379310345,2.80172413793103,0,0,0,0,0,0,0,0,0,0,0,15.301724137931,2.37068965517241,0,0.862068965517241,0,0,0,0,1.50862068965517,0,0,0,2.1551724137931,0,0,0.862068965517241,0,0.431034482758621,0,0,0.21551724137931,0,0,0,0,0,0,0,0,0,0,0,0,0,0.431034482758621,0,0,0,0,0,0,0,0,0,0,0,0,0,0,0,0,0,0,0,0,0,0.431034482758621,0.431034482758621,0,0,1.07758620689655,0,0,0,0,0,6.46551724137931
"JunnPln_Jnn6,CR.2",0,0,0,0,4.18181818181818,0.181818181818182,0,0,0,0,0,0,0,0,0,0,0,0,11.6363636363636,0,0,0,0,0,0,0,0.545454545454546,0,0,0.181818181818182,0,0,0,4.18181818181818,0,0,0,0,0,0,0,0,0,0,0,0,0,0,0,0.545454545454546,0,0,2.18181818181818,0,0,0,0,0,9.81818181818182,0,0,0,0,0.363636363636364,0,0,0,0,0,0,0,0,0,0,0,0.727272727272727,0,0,0.181818181818182,0,0,0,0,0,15.4545454545455,0,0,0,0,0,0,0,3.81818181818182,6.54545454545455,0,0,0,0.363636363636364,0,0,0,0,0,0,0,21.4545454545455,4.36363636363636,0,0.545454545454546,0,0,0,0,8.36363636363636,0,0,0,0.363636363636364,0,0,0,0,0.727272727272727,0,0,0,0,0,0,0,0,0,0,0,0,0,0,0,0,0,0,0,0,0,0,0,0,0.181818181818182,0,0,0,0,0,0,0,0,0,0,0,0,0.727272727272727,0.181818181818182,0,0.181818181818182,0,0,0.181818181818182,0,0,0,0,1.81818181818182
"JunnPln_Jnn8,UpB1",0,0,1.82232346241458,0,35.3075170842825,0,0,0,0,0,0,0,0,0,0,0.455580865603645,0,0,0.227790432801822,0,0,0,0,0,0,0,0.911161731207289,0,0,0.227790432801822,0,0,0.455580865603645,0,0,0,0,0,0,0,0,0,0,0,0.455580865603645,1.59453302961276,0.683371298405467,0,0.683371298405467,0,0,0,0,0,0,0.683371298405467,0,0,2.27790432801822,0,0,0,0,0,0,0,0,0,0,0,0,0,0,0,0,0,0,0,0,0,0,0,0,0,0,0,0,0,0,0,0,0,0,0,0,0,0,0,0,0,0,0,0,0,0,4.1002277904328,0,0,0,0,0,0,0,0,0,0,0,19.3621867881549,0.227790432801822,0,1.36674259681093,0,0,0,0,0,0.455580865603645,0,0,0,10.250569476082,0,0,0,0,0,0,0,0,0,0,0,0,0,0,0,0,0,0,0,0,0,0,0,0,0,0,0,0,0,0.227790432801822,0,1.13895216400911,0.911161731207289,0,0,0,0,0,2.73348519362187,13.2118451025057,0.227790432801822
"JunnPln_Jnn8,UpB2",0,0,0,0,37.1747211895911,0,0,0,0,0,0,0,0,0.371747211895911,0,0,0,0,0,0,0,0,0,0,0,0,1.11524163568773,0,0,0,0.371747211895911,0.185873605947955,0,0,0,0.185873605947955,0,0,0.185873605947955,0,0.185873605947955,0,0,0,0,0.557620817843866,0,0,0.371747211895911,0,0,0,0,0,0,0.929368029739777,0.557620817843866,0,6.13382899628253,0,0,0,0,0,0,0,0,0,0,0,0,0,0,0,0.929368029739777,0.557620817843866,0,0,0,0,0,0,0.185873605947955,0,0,0,0,0.185873605947955,0,0,0,0,0,0,0,0,0,0,0.185873605947955,0,0,0.185873605947955,0,0,0,3.90334572490706,0,0,0.743494423791822,0,0,0,0,0.743494423791822,0.185873605947955,0,0,7.43494423791822,0,0,1.48698884758364,0,0,0,0,0,0.743494423791822,0,0,0,4.08921933085502,0,0,0,0,0,0,0,0,0.371747211895911,0,0,0.185873605947955,0,0.185873605947955,0,5.76208178438662,0.371747211895911,0,0,0,0,0,0,0,0.185873605947955,0,0,0,1.85873605947955,0,0,0.557620817843866,0.185873605947955,0,0.557620817843866,0,0,0,8.92193308550186,5.76208178438662,5.20446096654275
"JunnPln_Jnn9,dbS1",0,0,0,0,21.0416666666667,0,0,0,0,0,0,0.208333333333333,0,0,0,0,0,0,0,0,0,0,0,0,0,0,0,0,0,0.416666666666667,0,0,0,0,0,0,0,0,0,0,0,0,0,0,0,0,0,0,0,0,0,0,0,0,0,0,0,0,0,0,0,0,0,0,0,0,0,0,0,0,0,0,0,0,0,0.416666666666667,0,0,0.208333333333333,0,1.25,0,0,0,0,0,0,0,0,0,0,0,0.416666666666667,0,0,0,0,0,0,0,0,0,0,0,0,11.0416666666667,0,0,0,0,0,0,0,10,0.833333333333333,0,0,0.833333333333333,0,0,0,0,0,0,0,0,0,0,0,0,0.208333333333333,0,0.208333333333333,0,0,0,0,0,0,0.416666666666667,0,0,0,0,0,5.41666666666667,0,0.416666666666667,0,0,0,0,0,0,0,0,0,0,0,15.8333333333333,9.79166666666667,0,0.416666666666667,0,0.208333333333333,8.54166666666667,0,0,0,0,0,11.875
"JunnPln_Jnn9,dbS2",0,0,0,0,4.82625482625483,0,0,0,0,0,0,0,0,0,0,0.193050193050193,0,0,0,0,0,0,0,0,0,0,0,0,0,0,0,0,0,0,0,0,0.386100386100386,0,0,0,0,0,0,0,0,0.386100386100386,0,0,0,0,0,0,0,0,0,0,0,0,0.579150579150579,0,0,0,0,0,0,0.193050193050193,0.193050193050193,0,0,0,0,0,0,0,0,0.579150579150579,0,0.772200772200772,1.35135135135135,0,1.15830115830116,0,0,0,0,0,0,0,0,0,0,0,0,0,0,0,0,0,0,0,0,0,0,0,0,1.35135135135135,0,0,0.386100386100386,0,0,0,0,3.66795366795367,0,0,0,0.772200772200772,0,0,0,0,0,0,0,0,0,0,0,0.386100386100386,0.579150579150579,0,0,0,0,0,0,0,0,0.386100386100386,0,0,0.193050193050193,0,0,20.4633204633205,1.93050193050193,0,0,0.772200772200772,0,0,0,0,0,0,0,0,0,34.3629343629344,11.5830115830116,0,0.386100386100386,0,0,2.12355212355212,0.193050193050193,0,0,3.66795366795367,0.193050193050193,5.98455598455598
"JunnPln_L.Alcc,s3",0,0,0,0,16.7619047619048,0,0,0,0,0,0,0,0,0,0.761904761904762,0,0,0,5.14285714285714,0,0,0,0,0.19047619047619,0,0,28,0,0,26.8571428571429,0,0,0,0,0,0.19047619047619,0,0,0,0,1.14285714285714,0,0.761904761904762,0,0,0,3.61904761904762,0,0,0,0.380952380952381,0,0,0,0,0,0,0,0.761904761904762,0,0,0,0,0,0,0,0,0,0.380952380952381,0,0,0,0,0,0,0,0,0,0,0,0,0,0,0,0,0,0,0,0,0,0,0.380952380952381,0,0,0,1.9047619047619,0,0.380952380952381,0,0,0,0,0,0,0,0,0,0,0,0.380952380952381,0,0,0,0,0,0,0,0,0,0,3.42857142857143,0,0,0,0,0,0,0,0,0,0,0,0,0,0,0,0,0,0,0,0,0,0,0,0,0,0,0,0,0.380952380952381,0,0,0,0,1.9047619047619,0,0,0,0,0,0,0,0,0,0,0,0,0.19047619047619,0,1.52380952380952,4.57142857142857,0
"JunnPln_L.Ccch,s",0,0,0,0,2.42290748898678,0,0,0,0,0,0,1.3215859030837,0,0,0,0,0,0,0,0,0,0,1.3215859030837,0,0,0,1.3215859030837,0,0,0,0,0,0,0,0,0,0,0,0,0,0,0,0,0,0,0,0,0,1.3215859030837,0,0,0,0,0,0,0,0,0,0,0,0,0,0,0,24.6696035242291,0,0,0,0,0,0,0,0,0,58.5903083700441,0,0,0,0,0,0,0,0,0,0,0,0,0.440528634361234,0,0,0,0,0,0,0,0,0,0,0,0,0,0,0,0,0,0,0,0,0,0,0,0,0,0,0,0,0,3.9647577092511,3.74449339207048,0,0,0.220264317180617,0,0,0,0,0,0,0,0,0,0,0,0,0,0,0,0,0,0,0,0,0,0,0,0,0,0,0,0,0,0,0,0,0,0,0,0,0,0.440528634361234,0,0,0,0,0,0.220264317180617,0,0,0,0,0,0
"JunnPln_L.Jnn,cn1",0,0,0,0,0,0,0,0,0,0,0,0,0,0,0,0,0,0,0.476190476190476,0,0,0,0,0,0,0,0.238095238095238,0,0,0,0,0,7.38095238095238,34.5238095238095,0,0,0,0,0,0,0,0,0,0,0,0,0.952380952380952,0,0,0,0,0.476190476190476,0,0,0,0,0,0,4.04761904761905,0,0,0,0,0,0,0,0,0,0,0,0,0.238095238095238,0,0,0,0,0,0,0,0,0,0,0,0,0,0,0,0,0,0,0,0,0,0,0,0,0,0,0,0,0,0,0,0,0,0,0,0,0,0,0,0,0,0,0,0,0,0,0,0,0,0,0,0,0,0,0,0,0,0,0,0,0,0,0,0,0,0,0,0,0,0,0,0,0,0,0,0,0,0,0,0,0,0,0,0,0,0,0,0,0,0,0,0,0,1.42857142857143,17.8571428571429,0,0,0,0,32.3809523809524
"JunnPln_L.Jnn,cn4",0,0,1.3136288998358,0,5.91133004926108,0,0,0,0,0,0,0,0,0,4.26929392446634,0,0,0,0,0,0,0,0,0,0,0,0,0,1.80623973727422,1.97044334975369,0,0,0,0,0,0,0,0,0,0,0,0,0.164203612479475,0,0,0,0.821018062397373,0,0,0,0,0,0,0,0,0,0,0,0,0,0,0,0,0,0,0.328407224958949,0.821018062397373,0,0,0,0,0,0,0,0,0,0,0,0,0,0,0,0,0,0,0,0,0.164203612479475,0.328407224958949,0,0,0,0,0,0,1.14942528735632,0,0.328407224958949,0,0,0,0,0,0,0,0,0,0,0,1.3136288998358,3.61247947454844,0,0,0,0,0,0,0,0,0,0.328407224958949,0,0,0.656814449917898,0,0,0.328407224958949,0,0,0,0,0,0.656814449917898,0,0,0,0,0,0,0,0,0,0.656814449917898,0,0.985221674876847,0,0,0,0,0,0,0,0,0,2.79146141215107,0,6.40394088669951,0.164203612479475,0,55.1724137931034,2.46305418719212,0,4.76190476190476,0,0,0,0,0,0,0.328407224958949,0,0
"JunnPln_L.Jnn,sh3",0,0,0.229357798165138,0,6.19266055045872,0,0,0,0.458715596330275,0,0,0,0,0,0.229357798165138,0,0,0,0,0,0,0,0,0,0,0,5.5045871559633,0,0,27.5229357798165,0,0,0,0,0,0,0,0,0,0,0,0,0,0,0,0,11.2385321100917,0,0,0,0.458715596330275,12.8440366972477,0,0,0,0,0,0,0.458715596330275,0,0,0,0,0,0,0,0,0,0,0,0,0,0,0,0,0,1.8348623853211,1.37614678899083,0,0,0,0,0,0,0,0,0,1.8348623853211,0,0,0,0,0.458715596330275,0,0,7.79816513761468,0,0,0,0,0,0,0,0,0,0,0,0,0,0,0,0,0.458715596330275,0,0,0,0,0,0,7.56880733944954,0,0,0,0,0,0,2.29357798165138,0,0,0,0,0,0,0,0,0,0,0,0,0,0,0,0,0,0,0,0,0,4.12844036697248,0,0,0,0,0,0,0,0,0,0,1.8348623853211,0,0,0,0,0,0,0,0,0,2.98165137614679,0.917431192660551,1.37614678899083
"JunnPln_L.Jnn,sh4",0,0,0,0,15.7894736842105,0,0.18796992481203,0,0,0,0,0.37593984962406,0,0,1.50375939849624,0,0,0,0.18796992481203,0.18796992481203,0,0,0,0,0,0,6.39097744360902,0,0,11.0902255639098,0,0,0,0,0,0,0,0,0,0,0,0,0,0,0,0,0.37593984962406,0,0.18796992481203,0,0,0,0,0,0,0,0.37593984962406,0,0,0,0,0,0,0,0,0,0,0,0,0,0,0,0,0.18796992481203,0,0,0,0,0,0,0,0,0,0,0,0,0,1.12781954887218,0,0,0,0,0,0,0,5.45112781954887,0,0,0,0,0,0,0,0,0,0,0,0,0,0,0,0,0,0,0,0,0,0,0,0,5.26315789473684,0,0,0,0,0,2.63157894736842,0,0,0,0,0,0,0,0,0,0,0,0,0,0,0,0,0,0,0,0,0,0,0,0,0,0,0,0,0,1.12781954887218,0,0,0,0,0,0,0,0,0,1.50375939849624,0,0,15.6015037593985,30.4511278195489,0
"JunnPln_L.Llcc,s1",0,0,0,0,0,0,0,0,0,0,0,0.43010752688172,0,0,0,0,0,0,0,0.645161290322581,0,0,0,0,0,0,0.43010752688172,0,0,0,0,0,0,0,0,0,0,0,0,0,0.43010752688172,0,0,0,0,0,0,0,0,0,0,0,0,0,0,0,0,0,0,0,0,0,0,0,19.7849462365591,0,0,0,0,0,0,0,0,0,76.1290322580645,0,0,0,0,0,0,0,0,0,0,0,0,0.43010752688172,0,0,0,0,0,0,0,0,0,0,0,0,0,0,0,0,0,0,0,0,0,0,0,0,0,0,0,0,0,0,0,0,0,0,0,0,0,0,0,0,0,0,0,0,0,0,0,0,0,0,0,0,0,0,0,0,0,0,0,0,0,0,0.43010752688172,0,0,0,0,0,0,0,0,0,0,0,0,0,0,0.43010752688172,0.860215053763441,0,0,0,0,0
"JunnPln_L.Llcc,s2",0,0,0,0,1.69491525423729,0,0,0,0,0,0,0,0,0,0,0,0,0,2.33050847457627,2.11864406779661,0,0,0.635593220338983,0.211864406779661,0,0,1.48305084745763,0,0,0,0,0,0,0,0,0,0,0,0,0,0,0,0,0,0,0,0,0,0,0,0,0,0,0.635593220338983,0,0,0,0,0,0,0,0.211864406779661,0,0,19.7033898305085,0,0,0,0,0,0,0,0,0,60.1694915254237,0,0,0,0,0,0,0,0,0,0,0,0,0.423728813559322,0,0,0,0,0,0,0,0,0,0,0,0,0,0,0,0,0,0,0,0,0,0,0,0,0,0.423728813559322,0,0,0,0,0,0,0,0,0,0,0,0,0.423728813559322,0,0,0,0,0,0,0,0,0,0,0,0,0,0,0,0,0,0,0,0,0,0,0,0,0,0,0,0,0,0,0,0,2.54237288135593,0,0,2.54237288135593,0,0,0.423728813559322,4.02542372881356,0,0,0,0,0
"JunnPln_L.Pc,12d1",0,0,0.495049504950495,0,0,0,0,0,0,0,0,0,0,0,0,0,0,0,0,0,0,0,0,0,0,0,0,0,0,0,0,0,0,0,0,0,0,0,0,0,0,0,0,0,0,0,0,0,0,0,0,0,0,0,0,0,0,0,0,0,0,19.0594059405941,0,0,0,0,0,0,0,0,0,0,0,0,0,0,0,0,0,0,0,0,0,0,0,0,0,0,0,0,0,0,0,0,0,0,0,0,0,0,0,0,0,0,0,0,0,0,0,0,0,0,0,0,0,0,0,0,0,0,0,0,0,0,0,0,0,0,0,0,0,0,0,0,0,0,0,0,0,0,0,0,0,0,0,0,0,0,0,0,0,0,0,0,0,0,0,0,0,0,0,0,0,0,0,0,0,0,0,80.4455445544555,0,0
"JunnPln_L.Pc,ins1",0,0,0,0,8.60215053763441,0,0,0,0,0,0,0,0,0,0,0,0,0,3.01075268817204,0,0,0,0,0,0,0,0,0.43010752688172,0,0,0,0,0,15.6989247311828,0,0,0,0,0,0,17.4193548387097,0,0,0,0,0,0,0,0,0,0,0,0,0,0,0,0,0,0,0,0,0,0,0.21505376344086,0,0,0,0,0,0,0,0,3.01075268817204,0,0,1.50537634408602,0,0,0,0,0,0,0,0,0,0,31.3978494623656,0.43010752688172,0,0,0,0,2.1505376344086,0,0,0,0,0,0,3.01075268817204,0,0,0,0,0,0,0,0,0,0.43010752688172,0,0,0,0,1.0752688172043,0,0,0,0.860215053763441,0,2.36559139784946,0,0,0.860215053763441,0,0,0,0,0,0,0,0,0,0,0,0,0,1.0752688172043,0,0,0,0,0,0,0,0,0,3.2258064516129,0,0,0,0,0,0,0,0,0,0,0,0,0,0,0,0,0.21505376344086,0,0,0,0,0,0,3.01075268817204
"JunnPln_L.Pc,ins2",0,0,1.45278450363196,0,11.864406779661,0,0,0,0,0,0,0,0,0,0,0,0,0,15.4963680387409,0,0,0,0,0,0,0,0.484261501210654,0,0,0,0,0,0,0.968523002421308,0,0,0,0,1.21065375302663,0,2.6634382566586,0,0,0,0,0,0,0,0,0,0,0,0,0,0,0,0,0,0,0,0,0,0,0,0,0,0,0,0,0,0,0,0,0,0,0,0,0.484261501210654,0,0,0,0,0,0,16.4648910411622,0,0,0,0,0,0.242130750605327,0,2.6634382566586,0,0,0,0,1.69491525423729,0,0,0,0,0,0,0,0,2.42130750605327,0,0,0,0,0,0,0,3.87409200968523,0,0,1.45278450363196,0,0,0,0,0,0,0,0,0,0,0,0,0,0,0,0,0,0,1.45278450363196,0,0,0,0,0,0,0,0,0,0,33.4140435835351,0,0,0,0,0,0,0,0,0,0,0,0,0,0,0,0,0,0,0,0,0,0,0,1.69491525423729
"JunnPln_L.Prn,cn",0,2.89115646258503,0,0,0,0,0,0,0,8.50340136054422,0.340136054421769,0,0,0,0,0,0,1.02040816326531,0,0,0,0.850340136054422,0,0,0,0,0,0,0,0,0.340136054421769,0,0,0,0,2.89115646258503,0,0,0,0,0,0,0,0,0,0,0,0,0,0,0,0,0,0,0,0,0,0,0,0,0,0,0.170068027210884,0,0,0,0.170068027210884,0,0,5.78231292517007,0,0,0,0,0,0,0,0,0,0,0,0,0,0,0,0,0,0,0,0,0,0,0,0,0.680272108843537,0,0,0.850340136054422,0,0,0,0,0,0,0,0,0,0,0,0,0,0,0,0,0,0,0,0,0,0,0,0,0,0,0,0,0,0,0,0,0,0,0,0,0,0.510204081632653,0,0,0.340136054421769,2.2108843537415,0,0,0.680272108843537,0,0,6.29251700680272,2.72108843537415,0,0,0.340136054421769,0,0.340136054421769,1.87074829931973,0,0,0,32.9931972789116,0,3.91156462585034,15.3061224489796,5.4421768707483,0.510204081632653,2.04081632653061,0,0,0,0,0,0,0,0,0
"JunnPln_L.Prn,sh1",0,0,0,0,13.4615384615385,0,0,0,0,0,0,0,0,0,0,0,0,0,0,0,0,0,0,0,0,0,21.8406593406593,0,0,3.2967032967033,0.549450549450549,0,0,0,0,0.137362637362637,0,0,0,0,0,0,0,0,0,0,0.549450549450549,0,3.98351648351648,0,1.37362637362637,0.137362637362637,2.60989010989011,0.274725274725275,0,0,0,0,7.82967032967033,0,0,0,0.274725274725275,0,3.84615384615385,0,0,0,0,0,3.15934065934066,0,0,0,0,0,0,0.274725274725275,0.412087912087912,0,0,0,0,0,0,0,0.274725274725275,0,0,0,0,0,0,0,0,3.98351648351648,0,0,0,0,0,0,0,0,0,0,0,0,0,0,0.686813186813187,0,0,0,0,0,0,0.137362637362637,0,2.74725274725275,0,0,0,0,0.412087912087912,0,0.274725274725275,0,0,0,0,0,0,0,0,0,0,0,0,0,0,0,0,0,0,0.549450549450549,0.412087912087912,0,1.0989010989011,0,0,0,0,0,0,0,1.92307692307692,0,0,6.04395604395604,7.55494505494505,0.824175824175824,1.92307692307692,0,0,3.15934065934066,0,0,0,0.412087912087912,3.02197802197802,0.549450549450549
"JunnPln_L.Prn,sh2",0,0,0,0,19.774011299435,0,0,0,0,0,0,0,0,0.376647834274953,0,0,0,0,0.941619585687382,0,0,0,1.12994350282486,0,0,0,14.3126177024482,0,13.7476459510358,0.941619585687382,0,0,0,0,0,2.44821092278719,0,4.14312617702448,0.564971751412429,0,0,0,0.564971751412429,0,0,0,9.22787193973635,0,3.76647834274953,0,0,0,0,0,0.188323917137476,0,0,0,0,0,0,0,0,0,0,0,0,0,0,0,0.753295668549906,0,0,1.12994350282486,0.941619585687382,4.51977401129944,0,0,0,0,0,0,0,0,0,0,0,0.376647834274953,0,0,0,0,0,0,0,0.376647834274953,0,0,0,0,0.188323917137476,0,0,0,0,0.376647834274953,0,0,0,0,0,0,0,0.941619585687382,0.188323917137476,0,0,0,0,0,0,0,0,0,0,0,0,0,0,0,0,0,0,0,0,0,0,0,0,0,0,0,0,0.188323917137476,0,0,0.188323917137476,0.376647834274953,0,0,0,0,0,0,0,0,5.27306967984934,0,0,2.25988700564972,4.14312617702448,0,0.188323917137476,0,0,0,0,0,0,0,4.14312617702448,1.31826741996234
"JunnPln_L.Tl,shr1",0,0,0,0,16.1888701517707,0,0,0,0,0,0,0,3.87858347386172,0,0,0,0,0,0,0,0,0,0,0.168634064080944,0,0,0,0,0,0,0,0,0,0,0,0,0,0,0,0,0,0,0,0,0,0,0,0,0,0,0,0,0,0,0,0,0,0,0,0,0,55.3119730185497,0,0,1.5177065767285,0.168634064080944,0,0,0,0,0,0,0,0,0,0.337268128161889,0,0.674536256323777,0,0,0,0,0,0,0,0,0,0,0,0,0,0,0,0.337268128161889,0,0,0,0,0,0,0,0,0,0,0,0,0,0,0.168634064080944,0,0.843170320404722,0,0,0,0,0,0,0,0,2.52951096121417,0,0,0,0,0,0,0.337268128161889,0,0,0,0,0,0,0,0,0,0,0,0,0.168634064080944,0,0,0,0,0,2.02360876897133,0,0,0,0,0,0,0,0,0,0,0,0,0,1.85497470489039,2.69814502529511,0.337268128161889,1.68634064080944,0,0,0.505902192242833,0.337268128161889,0,0,0,0,7.92580101180438
"JunnPln_L.Tl,shr2",0.37593984962406,0,0,0,34.7744360902256,0,0,0,0,0,0.75187969924812,0,0,0,0,0.75187969924812,0,0,0,0,0,0,0,0,0,0,1.31578947368421,0,0,0.18796992481203,0,0,0,0,0,0,0,0,0,0,0,0,0,0,0,0,0,0,0,0,0,0,0,0,0,0,0,0,0,0,0,3.94736842105263,0,0,7.5187969924812,0.18796992481203,0,0,0,0,0,0,0,0,0,1.31578947368421,0,0.37593984962406,0,0,0,0,0,0,0,0,0.37593984962406,0,0,0,0,0,0,0,0,0,0,0,0,0,0,0,0,0,0,0.56390977443609,0,0,0,0,0,0,0,0,0,0,0,1.31578947368421,0,6.76691729323308,0,0,0,0,0.37593984962406,0,0.18796992481203,0,0,0,0,0,0,0,0,0,0,0,0,0.18796992481203,0.75187969924812,0,0,0,0,0,0,0,0,0,0,0,0,0,0,0,0,0,0,12.593984962406,14.2857142857143,1.31578947368421,0,0,0,0.93984962406015,1.8796992481203,0,0,0,0,6.95488721804511
"JunnPln_L.Yncc,s1",0,0,0,0,19.9248120300752,0,0,0,0,0,0,0,0,0,0.37593984962406,0,0,0,0.75187969924812,0,0,0,0,0,0,0,11.0902255639098,0,35.5263157894737,0,0,0,0,0,0,0,0,0,0,0,0,0,1.69172932330827,0,0,0,5.45112781954887,0,0,0,0.37593984962406,0,0,0,0,0,0,0,0.18796992481203,0,0,0,0,0,0,0,0,0,0,0,0,0,0,0,0,0,0,0,0,0,0,0,0,0,0,0,0,0.37593984962406,0,0,0,0,0,0,0,6.01503759398496,0,0,0,0,0,0,0,0,0,0,0,0,0,0,0,0,0,0,0,0,0,0,0,0,0,0,0,0,0,0,0,0,0,0,0,0,0,0,0,0,0,0,0,0,0,0,0,0,0,0,0,0,0.37593984962406,0,0,0,0,0,0,0,0,0,0,0,0,0,0,0,0,0,0,0,0,2.44360902255639,15.4135338345865,0
"JunnPln_L.Yncc,s4",0,0,0,0,23.6111111111111,0,0,0,0.198412698412698,0,0,0.396825396825397,0,0,1.58730158730159,0.396825396825397,0,0,0.198412698412698,0,0,0,0,0,0,0,9.32539682539683,0,24.6031746031746,0.198412698412698,0,0,0,0,0,0,0.396825396825397,0,0,0,0,0,4.36507936507936,2.77777777777778,0,0,21.4285714285714,0,0,0,0,0,0,0,0,0,0,0,0.595238095238095,0,0,0,0,0,0,0,0.396825396825397,0,0,0,0,0,0,0,0,0,0,0.396825396825397,0,0,0,0,0,0,0,0,0,3.37301587301587,0,0,0,0,0,0,0,0.595238095238095,0,0.595238095238095,0,0,0,0,0,0,0,0,0,0,0,0,0,0,0,0.198412698412698,0,0,0,0,0,0,0,0,0,0,0,0,0,0,0,0,0,0,0,0,0,0,0,0,0,0,0,0,0,0,0,0,0,0,0,1.38888888888889,0,0,0,0,0.198412698412698,0,0,0,0,0,0.793650793650794,0,0,0,0,0.198412698412698,0,0,0,0.793650793650794,0.793650793650794,0.198412698412698
"JunnPln_Yncc2,is",0,0,0,0,2.06611570247934,0,0,0,0,0,0,0,0,0,0,0,0,0,4.33884297520661,0,0,0,0,0,0,0,4.95867768595041,0,0,0,0,0,0,0,0,0,0.206611570247934,0,0,0,0,0,0,0.206611570247934,0,0,0,0.413223140495868,0,0,0,0,0,0,0,0,0,0,1.8595041322314,3.30578512396694,0,0,0,0,3.71900826446281,0,0,0,0,0,0,0,0,0,0,0,0,0,0,0,0,0,0,0,0,0,0,0,0,0,0,0,0,0,0,0,0,0,0,0,0,0,0,0,0,0,0,0,0,0,0,0,0,0,0,0,0,0,0,0,0.826446280991736,0,0,0,0,0,0,0,0,0,0,0,0,0,0,0,0,0,0,0,0,2.27272727272727,1.03305785123967,0,0,7.85123966942149,0,0,0,0,0,0,0,0,0,0,0,0,0,3.71900826446281,3.51239669421488,0.826446280991736,0.413223140495868,0,0,0,3.71900826446281,0,0,0,0.619834710743802,54.1322314049587
"JunnPln_Yncc4,oc",0,0,0,0,8.3617747440273,0,0,0,0,0,0,0,0,0,0,0,0,0,0.341296928327645,0,0,0,0,0,0.170648464163823,0,2.73037542662116,0,0,0.170648464163823,0,0,0,0,0,0,0,0,0,0,0.341296928327645,0,0,0.170648464163823,0,0,0,0,0,0,0,0,0,0,0,0,0,0,0.170648464163823,0.341296928327645,0,0,0,0,0,0,0,0,0,0,0,0,0,0,0,0.170648464163823,0.341296928327645,0,0,0,0,0,0,0,0,0,0.68259385665529,0,0,0,0,0,0,0,0,0.170648464163823,0,0,0,0,0,0,0,0,0,0,0,0,0,0,0,0,0,0,0.511945392491468,0,0,0,0,0,1.36518771331058,0,0,0,0,0,0,0,0,0,0,0,0.341296928327645,0,0,0,0,0,0,0.170648464163823,0,0,0.341296928327645,0,0,0.511945392491468,2.38907849829352,0,0,0.170648464163823,0,0,0,0,0,0,0,0.170648464163823,0,23.2081911262799,46.0750853242321,0.853242320819113,1.36518771331058,0,0,0,1.02389078498294,0,0,0.853242320819113,0.511945392491468,5.97269624573379
"JunnPln_Yncch1,w",0,0,0,0,2,0.444444444444444,0,0,0.222222222222222,0,0,0,0,0,0,0,0,0,0,0,0,0,0,0,0,0.444444444444444,0.888888888888889,0,0,0,0,0,0,0,0,0,0,0,0,0,0,0.444444444444444,0,0,0,0,0.444444444444444,0,0,0,0,0,0,0,0,2.66666666666667,0,0,0,0,0,0,0,0.222222222222222,0,0,0,0,0,0,0,0,0,3.11111111111111,0,0,0,2.66666666666667,0,0,0,0.222222222222222,0,0,0,0,20,0,0,0,0,0,0,0,0,13.5555555555556,0,0,0,0,0,0,0.444444444444444,0,0,3.33333333333333,0,0,0,0,0.888888888888889,0,0,0,0,0,0,0,0,0.666666666666667,5.77777777777778,0,0,0,0,0,0.222222222222222,0,0,0,2.22222222222222,0,1.33333333333333,0.222222222222222,0,0,0,0,0,0,0,0,0,0,0,0,0,0,0.888888888888889,0.888888888888889,0,0,0,0,0,0.666666666666667,0,0,0,0,0,0,0,0,0,0,0,0,0,32.6666666666667,1.55555555555556,0.888888888888889
"JunnPln_Yncch3,s1",0,0,0,0,75.3914988814318,0,0,0,0,0,0,0,0,0,0,0,0,0,0,0,0,0,0,0,0,0,0,0,0,0,0,2.23713646532438,0,0,0,0,0,0,0,0,0,0,0,0,0,0,0,0,0,2.68456375838926,0,0,0,0,0,0,0,0,0,0,0,0,0,0,0,0,0,0,0,0,0,0,0,0,0,18.34451901566,0,0,0,0,0,0,0,0,0,0,0,0,0,0,0,0,0,0,0,0,0,0,0,0,0,0,0,0,0,0,0,0,0,0,0,0,0,0,0,0,0,0,0,0,0,0,0,0,0,0,0,0,0,0,0,0,0,0,0,0,0,0,0,0,0,0,0,0,0,0,0,0,0,0,0,0,0,0,0,0,0,0,0,0,0,0.447427293064877,0.894854586129754,0,0,0,0,0,0,0,0,0
"JunnPln_Yncch3,s2",0,0,0,0,82.2843822843823,0,0,0,0,0.932400932400932,0,0,0,0,0,0,0,0,0.233100233100233,0,0,0,0,0,0,0,0.233100233100233,0,0,0,0,0,0,0,0,0,0,0,0,0,0,0,0,0,0,0,0,0,0,0,0,0,0,0,0,0,0,0,0,0,0,0,0,0,0,0,0,0,0,0,0,0,0,0,0,5.59440559440559,0,0,0,0,0,0,0,0,0,0,0,0,0,0,0,0,0,0,0,0,0,0,0,0,0,0,0,0,0,0,0,0,0,0,0,0,0,0,0,0,0,0,0,0,0,0,0,0,0,0,0,0,0.233100233100233,0,0,0,0,0,0,0,0,0,0,4.89510489510489,0,0,0,0,0,0,0,0,0,0,0,0,0,0,0,0,0,0,0,0,0,5.12820512820513,0.466200466200466,0,0,0,0,0,0,0,0,0
